"id","name","symbol","description","createdAt","creatorAddress","uniqueHolders","mediaMimeType","totalSupply","totalVolume","volume24h","marketCap","address","mediaPreviewUrl","marketCapDelta24h","mediaOriginalUri","scrapedAt","transferCount","updatedAt"
"034bc66f-344d-4f96-bf9f-ed7596a1edc9","Snake vibes","Snake vibes",,"2025-02-23 17:35:27","0xc6c3fd75259eedb377a9e50bacb8bfb8a3a7db64","3","image/jpeg","1000000000","0.33","0.0","6309.08","0xee65d43cd085d4c481b70da3505cd5a6ed965c17","https://media.decentralized-content.com/-/rs:fit:600:600/f:best/aHR0cHM6Ly9tYWdpYy5kZWNlbnRyYWxpemVkLWNvbnRlbnQuY29tL2lwZnMvYmFmeWJlaWRrYWc3YmV6cmU2bHJ1bGRqdTR3ZjR6d3hva281ZDV2cnoycmhhYjNjbnhnZ3VhdXFpbHU=","0.0","ipfs://bafybeidkag7bezre6lruldju4wf4zwxoko5d5vrz2rhab3cnxgguauqilu","2025-04-05 18:11:40.272","5","2025-04-05 18:11:40.272"
"03a3e278-a88c-4577-8194-0e08cb25816b","GkendhcXcAAKShq","GkendhcXcAAKShq","Sweet","2025-02-23 17:11:49","0x708e6e5eb3fa26e96c2eda0d987eb2a73b7c0217","4","image/jpeg","1000000000","0.3","0.0","6309.79","0x33363e85a669b07a3fe7b70c140694cccc5c4678","https://media.decentralized-content.com/-/rs:fit:600:600/f:best/aHR0cHM6Ly9tYWdpYy5kZWNlbnRyYWxpemVkLWNvbnRlbnQuY29tL2lwZnMvYmFmeWJlaWRxaTNheXdvbG5oZjdubWJ0emkzdXVpZTM2cXd0a3hsZ2RocmNoM3AzcDV3aWl4eTV0dW0=","0.0","ipfs://bafybeidqi3aywolnhf7nmbtzi3uuie36qwtkxlgdhrch3p3p5wiixy5tum","2025-04-05 18:11:25.755","5","2025-04-05 18:11:25.755"
"044f44a9-d8b8-46a8-91b1-9932f352f66c","Hufflepuff","Hufflepuff",,"2025-03-05 03:47:25","0xd36d589d2f626927f1a630277582d58890290c87","48","image/jpeg","1000000000","8928.56","43.32","6366.80","0x01f6ecdf63df2eadf84bbf7b649c89eb1bc74927","https://media.decentralized-content.com/-/rs:fit:600:600/f:best/aHR0cHM6Ly9tYWdpYy5kZWNlbnRyYWxpemVkLWNvbnRlbnQuY29tL2lwZnMvYmFmeWJlaWhydW1tZ3B6a2hlZTd5d3lybHR4emN1N29ocTRwd2dnbzV4bWh0cDJ6ZzJtdWV2c3l6b3U=","-94.82","ipfs://bafybeihrummgpzkhee7ywyrltxzcu7ohq4pwggo5xmhtp2zg2muevsyzou","2025-04-05 14:07:08.361","1850","2025-04-05 18:09:43.339"
"0534a108-44ab-4a14-8ae6-8125841731a4","3/18/25, 11:02 PM","3/18/25, 11:02 PM",,"2025-03-19 03:02:57","0x5e384ba3ed638eb7e17db46ca75e5264d061c719","376","image/jpeg","1000000000","9991.03","189.25","1885.36","0x487e47e649208a801ecdfd5c7c79fa9eac6b89e9","https://media.decentralized-content.com/-/rs:fit:600:600/f:best/aHR0cHM6Ly9tYWdpYy5kZWNlbnRyYWxpemVkLWNvbnRlbnQuY29tL2lwZnMvYmFmeWJlaWNvZ3JlY2V2ZWwyZTc0cHpybXRqZnR5cmNoZXFia3Iyd3p2bG54NGc2ZWFxbWtqYWJqZTQ=","-257.1","ipfs://bafybeicogrecevel2e74pzrmtjftyrcheqbkr2wzvlnx4g6eaqmkjabje4","2025-04-05 14:07:25.304","1762","2025-04-05 14:07:25.304"
"0920150a-5df1-427f-96a7-eb083befbc35","grey","grey",,"2025-02-23 23:36:53","0xb61c855096311c0bde071c6dfff6e3bc121c738a","4","image/png","1000000000","185.11","0.0","6331.75","0x628da3f50c8f770b5006fa4bc6b605316e0459c4","https://media.decentralized-content.com/-/rs:fit:600:600/f:best/aHR0cHM6Ly9tYWdpYy5kZWNlbnRyYWxpemVkLWNvbnRlbnQuY29tL2lwZnMvYmFmeWJlaWNyaXpqYTRwdTRtcjZwYXp4MmoybXFjNXJpeXBwNzJqdnp6c2dhdXNtdjRlbHd4a2EyY2k=","0.0","ipfs://bafybeicrizja4pu4mr6pazx2j2mqc5riypp72jvzzsgausmv4elwxka2ci","2025-04-05 18:09:54.534","21","2025-04-05 18:09:54.534"
"0e10c7b2-68fb-49b8-a63e-5c1f17096668","COINtinue?","COINtinue?","YES: BUY
NO: BUY MORE","2025-02-23 09:01:55","0x2fbe30b2f53916d9bc2c37f19afb7c2cf848b661","8","image/jpeg","1000000000","23.96","0.0","6309.87","0xea9cc0cdd3d72e641609bc0bac28ced9d43ee39a","https://media.decentralized-content.com/-/rs:fit:600:600/f:best/aHR0cHM6Ly9tYWdpYy5kZWNlbnRyYWxpemVkLWNvbnRlbnQuY29tL2lwZnMvYmFmeWJlaWRuMjVtenpkc2g2Yjc1ZmNyNWRpaGpvbTJjNzRkNnJnYnRrNm5scmp0ZmoyNnh6M2tzYWE=","0.0","ipfs://bafybeidn25mzzdsh6b75fcr5dihjom2c74d6rgbtk6nlrjtfj26xz3ksaa","2025-04-05 18:11:22.915","16","2025-04-05 18:11:22.915"
"1032dcb6-21ad-4f32-9c6f-ed5de94dd45d","9f3e09dd4bb14eece6bbb5f3840b6aab86e14b24-5661x3774","9f3e09dd4bb14eece6bbb5f3840b6aab86e14b24-5661x3774","WILL  BE  FREE","2025-02-23 07:42:31","0x9a03b850c258280e93154909f68dba673f15cb19","3","image/jpeg","1000000000","1.66","0.0","6315.08","0x5161e0ba52215a6ed15bb829efa6c140c4c3dd4f","https://media.decentralized-content.com/-/rs:fit:600:600/f:best/aHR0cHM6Ly9tYWdpYy5kZWNlbnRyYWxpemVkLWNvbnRlbnQuY29tL2lwZnMvYmFmeWJlaWU1MnhtNzRtZmhycHdiNXhidWVkYWk3eDdqN3Q2M2Mzd3BycXY2YXBtZGpoYTZna2Q0amk=","0.0","ipfs://bafybeie52xm74mfhrpwb5xbuedai7x7j7t63c3wprqv6apmdjha6gkd4ji","2025-04-05 18:10:15.45","47","2025-04-05 18:10:15.45"
"104b0083-f874-41d5-b10e-128af2590b78","the eternal is real cause the things we love never die","the eternal is real cause the things we love never die",,"2025-04-01 17:37:31","0xb6a097370f32223414095b907d79ae73eab5aee7","18","image/png","1000000000","378.75","374.95","1663.68","0xd8431be2a0bf37794971f2ef101ef4d94e75856c","https://media.decentralized-content.com/-/rs:fit:600:600/f:best/aHR0cHM6Ly9tYWdpYy5kZWNlbnRyYWxpemVkLWNvbnRlbnQuY29tL2lwZnMvYmFmeWJlaWdjZ3FteG5nb3JuMnVqdW53b2s1Mng1d3htYnR6dDZsZjdyZHd2MnFhMnd2Z2x5ZnJrdmE=","-1.21","ipfs://bafybeigcgqmxngorn2ujunwok52x5wxmbtzt6lf7rdwv2qa2wvglyfrkva","2025-04-05 14:05:15.585","40","2025-04-05 14:05:15.585"
"1073ad21-55a4-4256-abaa-73f5a1089afb","dogy","dogy",,"2025-02-23 15:00:49","0x0b906a7c920f0bb26e728075e1862c3fef4281df","3","image/jpeg","1000000000","1.39","0.0","6308.80","0xa937bda49b087d0fe72d980831807a8333843a17","https://media.decentralized-content.com/-/rs:fit:600:600/f:best/aHR0cHM6Ly9tYWdpYy5kZWNlbnRyYWxpemVkLWNvbnRlbnQuY29tL2lwZnMvYmFmeWJlaWY3c2o0cWlwN3hrNXVmb2l1eHp3endxaWVmNXR2enRhdmR5dXA3YzNocHA0ZXhpZ2xiZGk=","0.0","ipfs://bafybeif7sj4qip7xk5ufoiuxzwzwqief5tvztavdyup7c3hpp4exiglbdi","2025-04-05 18:11:57.223","24","2025-04-05 18:11:57.223"
"11de0c85-e1f2-474c-a37e-ea3291a62bbe","it feels like this","it feels like this",,"2025-04-03 12:26:57","0xb6a097370f32223414095b907d79ae73eab5aee7","57","image/png","1000000000","395.44","391.95","1654.03","0xd25cc2ff6ae4bc8dd219fe8e2cd0e5557bfc9c53","https://media.decentralized-content.com/-/rs:fit:600:600/f:best/aHR0cHM6Ly9tYWdpYy5kZWNlbnRyYWxpemVkLWNvbnRlbnQuY29tL2lwZnMvYmFmeWJlaWNkZmUzdHB5cm9tcGNoenp5b3pvZTJ1c2c2N3ZtczVyamk2azNicWY2aTdzZzVrbnZ5aGU=","24.29","ipfs://bafybeicdfe3tpyrompchzzyozoe2usg67vms5rji6k3bqf6i7sg5knvyhe","2025-04-05 14:05:05.763","95","2025-04-05 14:05:05.763"
"120eea52-cb3f-4c7b-9085-d346d9540545","nft1","nft1","Arristo","2025-02-24 00:14:11","0xe77ad49878663117c7c81d8cd9140552669fbf6b","2","image/jpeg","1000000000","0.03","0.0","6332.21","0x32484ad594382453287412fe3d7d12b240f7a4cd","https://media.decentralized-content.com/-/rs:fit:600:600/f:best/aHR0cHM6Ly9tYWdpYy5kZWNlbnRyYWxpemVkLWNvbnRlbnQuY29tL2lwZnMvYmFmeWJlaWY2cWliM2FrNWJkNnZid3lwaXRkZXJxa2J2MjN2aGNsbjJmNHpwajZxa25yMnF6cGxucXU=","0.0","ipfs://bafybeif6qib3ak5bd6vbwypitderqkbv23vhcln2f4zpj6qknr2qzplnqu","2025-04-05 18:09:51.657","4","2025-04-05 18:09:51.657"
"12562499-1422-42c4-94b4-e5c1454136aa","horse","horse",,"2025-03-12 16:09:53","0x3a5df03dd1a001d7055284c2c2c147cbbc78d142","20001","image/png","1000000000","4682543.1","5159.8","160796.46","0xf1fc9580784335b2613c1392a530c1aa2a69ba3d","https://media.decentralized-content.com/-/rs:fit:600:600/f:best/aHR0cHM6Ly9tYWdpYy5kZWNlbnRyYWxpemVkLWNvbnRlbnQuY29tL2lwZnMvYmFmeWJlaWJmM3pwbmo0bjU3aXBveWczbGhhcGhxM3NqanRvN2NtZ2Z5cGk2eHE3ZGJ6Z2dxY2c1dXk=","13420.0","ipfs://bafybeibf3zpnj4n57ipoyg3lhaphq3sjjto7cmgfypi6xq7dbzggqcg5uy","2025-04-05 18:08:08.889","120808","2025-04-05 18:08:08.889"
"1649d742-3ce6-4c17-af1e-0b4f67172cfa","Hey Zora ! I send greetings from the Moon 😍","Hey Zora ! I send greetings from the Moon 😍",,"2025-02-23 02:00:35","0x068b2d5eaa073db8fd2e5ed2fb336210782533ae","7","image/jpeg","1000000000","0.08","0.0","6314.35","0x1bca57b1932823049774db924b494a3e731625b5","https://media.decentralized-content.com/-/rs:fit:600:600/f:best/aHR0cHM6Ly9tYWdpYy5kZWNlbnRyYWxpemVkLWNvbnRlbnQuY29tL2lwZnMvYmFmeWJlaWNoNm5rc3VjaXlnc3QzeWdqbGQ2emhmZ2t3dWF3ZzUyZ2ZpaTNrbm9lZjY0NDZydjJwY3E=","0.0","ipfs://bafybeich6nksuciygst3ygjld6zhfgkwuawg52gfii3knoef6446rv2pcq","2025-04-05 18:10:18.136","12","2025-04-05 18:10:18.136"
"16def598-a167-435b-836d-5f98c8ba481f","24/02/25 07.53","24/02/25 07.53",,"2025-02-23 23:54:13","0x569b87ae790c5d84c6e7604fac5da736333a7981","4","image/jpeg","1000000000","0.02","0.0","6319.19","0xb1b5476c2f3a139c4c8b6501ccf75c7f1f72b08d","https://media.decentralized-content.com/-/rs:fit:600:600/f:best/aHR0cHM6Ly9tYWdpYy5kZWNlbnRyYWxpemVkLWNvbnRlbnQuY29tL2lwZnMvYmFmeWJlaWhibG91YWI2dGt2b3dpbzdibzJ4am9ndWVyaXJyZjJucWI2eTN1aHRiMzdnMnBqaXZ3dmk=","0.0","ipfs://bafybeihblouab6tkvowio7bo2xjoguerirrf2nqb6y3uhtb37g2pjivwvi","2025-04-05 18:10:00.517","14","2025-04-05 18:10:00.517"
"16e49c39-977a-44a0-b2b1-78c83955e050","pilot","pilot","the normal mfer: The Series - Ep. 1 | Pilot: Michael Francis AKA ""mfer"" is cooped up in his childhood home post-college struggles with his masculinity while his dad drops a bomb on him that he's selling the house. Meanwhile, Leaf, the girl next door and mfer try their darnedest to find a connection.

Check out ""the normal mfer"" on TikTok: www.tiktok.com/@mfer

#animation #Cartoons #normalmfer

Credits for This Episode
-----------------------------------
Created By: Alex Orrelle &  lawl
Written By: Jennifer Skelly
Directed By: Doron Meir
Supervising Director/Producer Alex Orrelle
Production Design by Doron Meir
Edited By Daniel Shanni Tom Madar
Sound By Nati Zeidenstadt
 
Cast
mfer - Charlie Curtis-Beard (tiktok.com/@charliecurtisb)
leaf - Emma Steiger 
dad - Rick Zieff
mom - Ryan Bartley

tj - Yotam Perel @lazypillow
dick richter - George Primavera 
boss - Chance Nichols 
news reporter - George Primavera

Music 
​   @Brevin_Kim “Carousel”
   @kennyflowers.  “Bag Man”
   @MylesLloyd  “Drive Me Crazy”
   @ritvizji “Ved”

Executive Producer and Supervising Director- Alex Orrelle
Produced at The Hive Production
Producer - Amit R. Gicelter
Line Producer - Aglaya Shmidt

Production Coordinators
Avishai Simchovitch
Yuval Almog

Animators
Yonatan Hayon
Tal Darmon
Ridvan Cevik
Ori Gold
Lior Wigderson

Color and Shading
Lior Wigderson

Design
Katia Korzinov
Ksania Mariash

Compositing
Nimrod Havilio

Hive Team
Hadas Gicelter
Yael Nudelman
Keito Mat
Renen Adar
Adi Lavon
Nava Yaari

CC0 Studios
The Hive studio

Thanks for watching! 

Follow Us
YouTube: youtube.com/@CC0Studios
TikTok: tiktok.com/@mfer
Twitter: x.com/CC0_Studios & x.com/normalmfer_
Instagram: instagram.com/normalmfer_
Zora: zora.co/@cc0studios","2025-02-28 15:21:35","0xf6cdebf8cee10f637971a24d8dba8d40bcabb4bc","3320","video/mp4","1000000000","2467669.87","21.5","12601.47","0x481deb6ab67fa37e1d6b69c7f6a3931436f51d2e","https://media.decentralized-content.com/-/rs:fit:600:600/f:best/aHR0cHM6Ly9tYWdpYy5kZWNlbnRyYWxpemVkLWNvbnRlbnQuY29tL2lwZnMvYmFmeWJlaWVvZXp1NjdsbTZkd2F5YmEzeGhpdmk3cG1ydzN1Z3VlMnp6ZHBuMnJiN3NlazJ4d3Bxc2U=","-136.67","ipfs://bafybeifsaho3cwcszq7xy5exszosy7mvhvpha4ifwx43kahjftqen74feq","2025-04-05 18:08:47.17","27668","2025-04-05 18:08:47.17"
"17b8322f-d364-49f6-8c13-af5ebeef1a23","THAT HORSE ","THAT HORSE ","You know the one","2025-02-21 22:59:11","0xaa010e825fccce6119ba6f55b40611d44373dae3","842","image/jpeg","1000000000","228685.76","151.53","17136.74","0xf12b802172c632efcc43a6299ceb86348ec4a194","https://media.decentralized-content.com/-/rs:fit:600:600/f:best/aHR0cHM6Ly9tYWdpYy5kZWNlbnRyYWxpemVkLWNvbnRlbnQuY29tL2lwZnMvYmFmeWJlaWR6eXBjN3k2dzd3djJqNHdkbG1ndDJhc3JrejJoaXRiZzR6amp2a3R0aTJqYnJvem03dHU=","-833.51","ipfs://bafybeidzypc7y6w7wv2j4wdlmgt2asrkz2hitbg4zjjvktti2jbrozm7tu","2025-04-05 14:08:07.553","4082","2025-04-05 18:08:41.282"
"18a8b016-04da-4cba-9761-8e9f4b3ca42c","base weekly update, april 4th","base weekly update, april 4th","i'm back, baby!","2025-04-04 21:47:11","0xd211b9417f28d128435cd8d022aeaebbc8a28f17","208","video/mp4","1000000000","23953.14","23953.14","2072.00","0x8798b92677f73f3c9e6bcab827e196601733cc00","https://media.decentralized-content.com/-/rs:fit:600:600/f:best/aHR0cHM6Ly9tYWdpYy5kZWNlbnRyYWxpemVkLWNvbnRlbnQuY29tL2lwZnMvYmFmeWJlaWNmYm9iNHVibHhpcmxsZGs2b2E2cWNwNGh0cHNlM2xuZ2JzazdtZ2g2ZHN6eTJmZ3c1cW0=","2062.021459970903","ipfs://bafybeibmo4wuqbccxyyg4m3djbhnjjdflknjdwecepkhn3btfv4haezclu","2025-04-05 14:01:00.325","936","2025-04-05 14:01:00.325"
"19b95c79-9d39-4d14-b3e7-5c09fb96cf11","terminally onchain","terminally onchain","TO","2025-03-22 21:13:35","0xa960686c37458f7670ca9b69229e9b18b4fe6ce5","1099","video/mp4","1000000000","35112.48","3660.7","19969.71","0xc66566c4067115cabdaf571289902f90cd197468","https://media.decentralized-content.com/-/rs:fit:600:600/f:best/aHR0cHM6Ly9tYWdpYy5kZWNlbnRyYWxpemVkLWNvbnRlbnQuY29tL2lwZnMvYmFmeWJlaWVwdzVicjQ2and0cTZ0a3JrN3ZqejVjM3BzNmJsbzN3M2tyeGJtdmlva2ppbnV4cmM3dnU=","2491.37","https://magic.decentralized-content.com/ipfs/bafybeib72l7erzeayyfcpddvmibdqe7cs6wtm72hvss72reeyunzhgzdzq","2025-04-05 14:01:22.922","10323","2025-04-05 18:08:35.803"
"1b44c9d7-650e-4723-835d-6b462bf1224b","Floral Fractal","Floral Fractal","A bloom of infinite patterns, inspired by the elegance of petals.","2025-02-23 10:36:53","0x4157eb868dfb2bd1e159295f34ac3b34ce745a5a","4","image/png","1000000000","0.02","0.0","6308.96","0x307a30f05eece3fcb43c00515c67dfba92e45dca","https://media.decentralized-content.com/-/rs:fit:600:600/f:best/aHR0cHM6Ly9tYWdpYy5kZWNlbnRyYWxpemVkLWNvbnRlbnQuY29tL2lwZnMvYmFmeWJlaWgydzRkNHV0aGtodTRub2kzMmlzZmZhdWFmbXgzaDQyN2F6ZXAyZ3ppeGc2Z2w3Y2ZxaW0=","0.0","ipfs://bafybeih2w4d4uthkhu4noi32isffauafmx3h427azep2gzixg6gl7cfqim","2025-04-05 18:11:50.207","10","2025-04-05 18:11:50.207"
"1bc436cb-63c4-4dc4-b0fb-f110f482ac0a","Anon Binaire Alphabet Bag BTS","Anon Binaire Alphabet Bag BTS","Behind the scenes Polaroids of the alphabet bag shoot for anon binaire","2025-04-04 16:24:43","0xcdf5ecd66e0a545ea52547eb87beb03c327477e4","119","image/jpeg","1000000000","1239.62","1239.62","1694.41","0x3b631da9e2628e6b23fca00cddefe756fbe6e721","https://media.decentralized-content.com/-/rs:fit:600:600/f:best/aHR0cHM6Ly9tYWdpYy5kZWNlbnRyYWxpemVkLWNvbnRlbnQuY29tL2lwZnMvYmFmeWJlaWNsMnk3d2dtdWJuZHIyanRpcXFiZGpwbmI2cG82aWNodHR1dDZwNGxzamxoaGV3NWFhYWE=","1696.4892577100431","ipfs://bafybeicl2y7wgmubndr2jtiqqbdjpnb6po6ichttut6p4lsjlhhew5aaaa","2025-04-05 14:01:58.272","410","2025-04-05 14:01:58.272"
"1c1c14f0-8675-415f-b3f0-d2e0109253c7","1000024631","1000024631","Love the nature","2025-02-23 18:21:33","0xa82a9b8aade1c2f92f0dfd872a0fccec5cea98fc","3","video/mp4","1000000000","0.04","0.0","6308.70","0xc04415ca4cc46847296e1f5e07dc8e19b32f9ff0","https://media.decentralized-content.com/-/rs:fit:600:600/f:best/aHR0cHM6Ly9tYWdpYy5kZWNlbnRyYWxpemVkLWNvbnRlbnQuY29tL2lwZnMvYmFmeWJlaWFraWNpc2NrY2NmNDdsNXF0ZnVnY21rMmZpMmlkbnA0NnNiY2xtNjJicmtpeHZzeW9vNGU=","0.0","ipfs://bafybeiblr2qkreyuip3czygq53dso2psko6avexpgeody47x2rgi77dvti","2025-04-05 18:12:00.214","11","2025-04-05 18:12:00.214"
"1da27905-39f9-4906-ab79-7df90deac550","Based Ghibli","Based Ghibli","Based Ghibli will kickstart the Ghibli szn on Base!","2025-03-26 16:11:51","0x849055288efd39abc446cd7e346a84f0625f5655","1569","image/png","1000000000","55173.13","317.43","10783.70","0x27e0221b0b845c62bf986210d2ba5be4b3f80b0c","https://media.decentralized-content.com/-/rs:fit:600:600/f:best/aHR0cHM6Ly9tYWdpYy5kZWNlbnRyYWxpemVkLWNvbnRlbnQuY29tL2lwZnMvYmFmeWJlaWhzM2pqbjQ0amNmNDVlZmxvdWhmeHB0cXQzNmR2NWE0N2FrbDVudG1yand3N3l0ZmhlMnk=","-1926.61","ipfs://bafybeihs3jjn44jcf45eflouhfxptqt36dv5a47akl5ntmrjww7ytfhe2y","2025-04-05 14:06:08.784","8460","2025-04-05 18:08:56.062"
"1ed702b6-abbc-4f2c-bd58-fb964de47427","do a backflip","do a backflip","london. april 2025.","2025-04-04 14:35:33","0x706cf0ef3c6a5620c7e6abdd31e711dca33a95ef","2609","video/mp4","1000000000","160670.88","160670.88","16183.12","0x97e0ed45fc6c2d712ce52015ee7ab8b1ad11be7c","https://media.decentralized-content.com/-/rs:fit:600:600/f:best/aHR0cHM6Ly9tYWdpYy5kZWNlbnRyYWxpemVkLWNvbnRlbnQuY29tL2lwZnMvYmFmeWJlaWJ4NXdwd3d6dGRob2lqd290MmphNjM0a210bG5semw1bWpkazNndGlicGY0Y3R0d3ZoenE=","16183.118243106988","ipfs://bafybeihqabuwaazsgfov7urv4dfobzdrvm2r3m2anzg2uiaxtebl2c5q4m","2025-04-05 14:00:51.041","24217","2025-04-05 14:00:51.041"
"210735ed-5c5b-4592-88f5-cb505029a95a","Grim Ass","Grim Ass","GA","2025-02-21 19:37:59","0xb009ccbc108dff621f1dbaeceff7c5278dc9ee5e","10","image/jpeg","1000000000","20173.39","0.0","6309.90","0x8719a99348a0c1ac4454e5c3c1d37b5767d9e4fa","https://media.decentralized-content.com/-/rs:fit:600:600/f:best/aHR0cHM6Ly9tYWdpYy5kZWNlbnRyYWxpemVkLWNvbnRlbnQuY29tL2lwZnMvYmFmeWJlaWJvcDJxbDVrZWJldHo1a2JidGtzY3VzYm9ka3RxYXFlZnZ6Mzdmd29kNWozdWU0ZHZvb20=","0.0","ipfs://bafybeibop2ql5kebetz5kbbtkscusbodktqaqefvz37fwod5j3ue4dvoom","2025-04-05 18:11:19.903","127","2025-04-05 18:11:19.903"
"22896a00-4cf7-4997-8c1d-d8de6072adb0","LGRT Coin","LGRT Coin","Built by the LGRT Crew. Verified drop.
OFFICIAL LGRT member coin. This is the BASE coin for all members.

If you don't keep this coin, you aren't a LGRT crew member, plain and simple.

Other coins on this account are optional for members but allow profit sharing. 

Check us out!


⚡ Rewards for early buyers, holders, whales, and referrers.
📈 Funded by creator earnings + buybacks. Real profit share.

🧠 Claim rewards → https://discord.gg/dDb6YcnUPp
","2025-04-02 20:29:47","0xc967e70bc7f9c2350513fde6f8cdc16ee07e4e1d","201","image/png","1000000000","2414.22","1526.94","1932.69","0x86d6aa3bf27a85259b99eed9f2df18b9dc6cd59e","https://media.decentralized-content.com/-/rs:fit:600:600/f:best/aHR0cHM6Ly9tYWdpYy5kZWNlbnRyYWxpemVkLWNvbnRlbnQuY29tL2lwZnMvYmFmeWJlaWZsYTdkeWRwN2hkbXptcWhwNHlvNnNneXF5ejM0NHJlN2p0NTZmYXV5bTI1c2hoa2twN3E=","82.7","ipfs://bafybeifla7dydp7hdmzmqhp4yo6sgyqyz344re7jt56fauym25shhkkp7q","2025-04-05 14:01:54.947","1513","2025-04-05 14:01:54.947"
"242df176-d415-4c17-80e7-9fdf08a73dc4","Coincore","Coincore",,"2025-03-26 03:13:01","0x3987e819d9c58c4676c64f2731e2e12b46ab8477","383","image/png","1000000000","23889.81","235.48","2016.94","0x278fb71a1e3713ccd085a41c21ddfd7c83dcbee1","https://media.decentralized-content.com/-/rs:fit:600:600/f:best/aHR0cHM6Ly9tYWdpYy5kZWNlbnRyYWxpemVkLWNvbnRlbnQuY29tL2lwZnMvYmFmeWJlaWh6dXpmb2xkZmVwaW1qZHp6N3pzdzdqYWxrZDVhamd1eG00YmR0NjJncHJ4bzZycDZuZWE=","-594.52","ipfs://bafybeihzuzfoldfepimjdzz7zsw7jalkd5ajguxm4bdt62gprxo6rp6nea","2025-04-05 14:06:53.21","2133","2025-04-05 14:06:53.21"
"247b841a-04e5-4178-8814-5f4303616b62","Zora Coins Era","Zora Coins Era","New Era of Zora Starts NOW!","2025-02-22 11:05:43","0x06ea4e828dab6804cbb2f20bb81981947c9e934c","11","video/mp4","1000000000","113.26","0.0","6309.64","0xb1922017ba208a7d5c390b67c77c5e9499592287","https://media.decentralized-content.com/-/rs:fit:600:600/f:best/aHR0cHM6Ly9tYWdpYy5kZWNlbnRyYWxpemVkLWNvbnRlbnQuY29tL2lwZnMvYmFmeWJlaWFxbGl6Y3ZtZWRnamlkcWdjZmF5enNvM3UzMno3c3g2dDRoc3NpdmplZ3JodmFlNXJqbm0=","0.0","ipfs://bafybeicxyjwv5b6klddp4t5b47ezky7sgr37zsoefknv4itznnozawapoi","2025-04-05 18:11:31.345","118","2025-04-05 18:11:31.345"
"2570102d-4704-46fa-abf5-dbc9abb849d8","Base Dog 🐶","Base Dog 🐶","BASE BASE BASE BASE BASE BASE BASE BASE BASE BASE BASE BASE BASE BASE BASE BASE BASE BASE BASE BASE BASE BASE BASE BASE BASE BASE BASE BASE BASE BASE BASE BASE BASE BASE BASE BASE","2025-04-03 14:46:43","0xc0f64a9fae96a8616b35b4428b6771f67e9e664f","8","image/jpeg","1000000000","920.34","347.97","1674.17","0x25644639ae3e05848c693f08884171dd0eaf03c5","https://media.decentralized-content.com/-/rs:fit:600:600/f:best/aHR0cHM6Ly9tYWdpYy5kZWNlbnRyYWxpemVkLWNvbnRlbnQuY29tL2lwZnMvYmFmeWJlaWI2dmhjbndtcHI1aWV6c3JjM3lrczdscG1lbGNtczUyY3dod2ljczcyY2phZGYyaHJja2E=","22.23","ipfs://bafybeib6vhcnwmpr5iezsrc3yks7lpmelcms52cwhwics72cjadf2hrcka","2025-04-05 14:06:05.521","24","2025-04-05 14:06:05.521"
"25e93056-f1c2-495d-ab65-85585d8600a6","bear","bear",,"2025-03-27 09:14:25","0x29017ee81237e4d19293bfced0086bd73f0cbdb7","746","image/jpeg","1000000000","36390.02","160.23","1876.01","0x6d51d9f8a3afe7823ecd417047c008ee2e74c609","https://media.decentralized-content.com/-/rs:fit:600:600/f:best/aHR0cHM6Ly9tYWdpYy5kZWNlbnRyYWxpemVkLWNvbnRlbnQuY29tL2lwZnMvYmFmeWJlaWFnbndkN3pmcGN6ZXEzaGJ0b2J2Zmt1eWhrZDZlZ3o3YW9pZ3JpNTVmaXlicHJrd2twNGk=","-375.82","ipfs://bafybeiagnwd7zfpczeq3hbtobvfkuyhkd6egz7aoigri55fiybprkwkp4i","2025-04-05 14:07:58.025","4245","2025-04-05 14:07:58.025"
"287b8ab5-d155-4211-844f-6b0c217e0219","Time Fragments","Time Fragments","A stunning digital artwork series called 'Time Fragments,' where each NFT represents a fragment of time in a surreal world.","2025-02-23 07:38:21","0x3c7ae62c78c688ea6dd20c64fc9f789bbe92f2f7","2","image/jpeg","1000000000","0.83","0.0","6312.49","0x0846665746b84b9dda13d735ed00b1e456cf6d84","https://media.decentralized-content.com/-/rs:fit:600:600/f:best/aHR0cHM6Ly9tYWdpYy5kZWNlbnRyYWxpemVkLWNvbnRlbnQuY29tL2lwZnMvYmFmeWJlaWFidmNhdGc3aGtvdmJydjN6b243NjdpbmkzcmY0cGlxaXFnZ283cnBhN290b25udm1zN3k=","0.0","ipfs://bafybeiabvcatg7hkovbrv3zon767ini3rf4piqiqggo7rpa7otonnvms7y","2025-04-05 18:10:36.055","4","2025-04-05 18:10:36.055"
"2af924ba-f0eb-4ef3-b339-abef166f3719","BG","BG",,"2025-04-03 19:36:07","0x6f3a217c8cb33af06a3c511e9be85a09f3fcffb3","8","image/png","1000000000","160.9","160.9","1638.37","0x1b232d191a05838bd33c9607989d3106bda2101e","https://media.decentralized-content.com/-/rs:fit:600:600/f:best/aHR0cHM6Ly9tYWdpYy5kZWNlbnRyYWxpemVkLWNvbnRlbnQuY29tL2lwZnMvYmFmeWJlaWVtdG55dXpnanVxc2ZzZmJ5Njd1NWUyd2VsZmlqb2R5bnNycDVka2xuanRmZm5keHlqcHU=","28.2","ipfs://bafybeiemtnyuzgjuqsfsfby67u5e2welfijodynsrp5dklnjtffndxyjpu","2025-04-05 14:08:01.505","386","2025-04-05 14:08:01.505"
"2b503f9f-916c-41db-86e1-6f076c3e6d90","bando","bando",,"2025-04-03 14:36:11","0xd42d82e6d91bbc6895947293260447ef6521ecd2","135","image/jpeg","1000000000","2344.41","598.99","1656.07","0x8e27cc88441e7c3565bf0c87b81dd644b7f30e08","https://media.decentralized-content.com/-/rs:fit:600:600/f:best/aHR0cHM6Ly9tYWdpYy5kZWNlbnRyYWxpemVkLWNvbnRlbnQuY29tL2lwZnMvYmFmeWJlaWg3a2VibW96b3dweTZ1cnY1YmhzdnRtMzUyZWx3YXI1aXdueHZkcTdteXU0dzNhdnN0NHE=","-1504.35","ipfs://bafybeih7kebmozowpy6urv5bhsvtm352elwar5iwnxvdq7myu4w3avst4q","2025-04-05 14:03:13.253","629","2025-04-05 14:03:13.253"
"2cb87c29-6b63-4015-a8cd-5ef238d9143f","lemons","lemons",,"2025-02-23 23:51:01","0x4b7d444f687f9d7022c9a8d5b602319e2438e244","5007","image/jpeg","1000000000","1041586.66","155.08","12153.32","0x62574e9d339ff6c336cbf900323162de9e134611","https://media.decentralized-content.com/-/rs:fit:600:600/f:best/aHR0cHM6Ly9tYWdpYy5kZWNlbnRyYWxpemVkLWNvbnRlbnQuY29tL2lwZnMvYmFmeWJlaWY3ZGp6N25zaW4yM3RyZGJ3dmt5bXZkM3dja3B1c3R0eHJubmFrbmRsM2dyb2RiaTZpeHU=","-112.9","ipfs://bafybeif7djz7nsin23trdbwvkymvd3wckpusttxrnnakndl3grodbi6ixu","2025-04-05 14:08:14.919","17439","2025-04-05 18:08:50.36"
"32370f74-248f-44d1-9d3c-6b89b23cd405","Body goals.","Body goals.",,"2025-04-04 08:13:17","0xde39c9ec8896680b645b032e1667baf84aa7ea87","3","video/mp4","1000000000","576.71","353.15","1653.37","0x9ab22ff91660236de1688813f139db854e822ad1","https://media.decentralized-content.com/-/rs:fit:600:600/f:best/aHR0cHM6Ly9tYWdpYy5kZWNlbnRyYWxpemVkLWNvbnRlbnQuY29tL2lwZnMvYmFmeWJlaWgyN3dyNmQ0MzZlN2VxaHA2cmN1ZjY1dXJ4b2hqcGNhZHVicXB4cnBwNjRjbmh0d3IyNGk=","-2.06","ipfs://bafybeifjrrycpz6p3w3y2unpe5f7plmsbfqybhz7y77wl4hcozxjkfjlai","2025-04-05 14:05:46.585","6","2025-04-05 14:05:46.585"
"35522456-ad25-4ebb-89b8-baed73b41bca","Airdrop Insider Roundup #100","Airdrop Insider Roundup #100",,"2025-02-23 13:32:03","0xcae9ca8ac10f2b514b2319d8c8a31aac2b8cf9ef","6","image/png","1000000000","5.58","0.0","6315.63","0xbb5506863a3c1c7ee031f196500f1cd6b7ad0003","https://media.decentralized-content.com/-/rs:fit:600:600/f:best/aHR0cHM6Ly9tYWdpYy5kZWNlbnRyYWxpemVkLWNvbnRlbnQuY29tL2lwZnMvYmFmeWJlaWN2dTRueTQ0ampkcnd5NnBnZGw1dGFtbWc0NnJqNTVvZXZ3d3FlNTN3a2ZhbmI0d2dhZmE=","0.0","ipfs://bafybeicvu4ny44jjdrwy6pgdl5tammg46rj55oevwwqe53wkfanb4wgafa","2025-04-05 18:10:11.642","13","2025-04-05 18:10:11.642"
"364d2dfb-5188-43c2-b261-ceea4bdbec55","IMG_7209","IMG_7209","TIP TOP BREAD IS JUMMY!","2025-02-23 23:16:29","0xa6491d1b37bcf110fee020051723bf947bdb5b7d","2","image/png","1000000000","0.28","0.0","6330.04","0x9544ea00194dad645d0b67917c0effdf6a0f5cf6","https://media.decentralized-content.com/-/rs:fit:600:600/f:best/aHR0cHM6Ly9tYWdpYy5kZWNlbnRyYWxpemVkLWNvbnRlbnQuY29tL2lwZnMvYmFmeWJlaWJzam5ydXFndXV5c3FvcXVuNmtqbDZieGlubXV1eGFiaGl3cG5peGxiNjRudXJyNWI2ZGU=","0.0","ipfs://bafybeibsjnruqguuysqoqun6kjl6bxinmuuxabhiwpnixlb64nurr5b6de","2025-04-05 18:09:57.292","4","2025-04-05 18:09:57.292"
"3675a591-378f-4fdc-a763-a87b48e5933b","Stay Motivated 💡","Stay Motivated 💡","It only takes one win to change your entire trajectory 💡 

One bold move, one right decision, one moment of courage can shift everything. Keep showing up --your breakthrough is closer than you think 💪🏽","2025-04-04 21:36:39","0x739ecb0f9e81f1d9aeae879454682c38c83599e3","5","image/png","1000000000","576.88","576.88","2693.51","0x96189ca2e1a2b1d0fb034d56fd2e6afb89637657","https://media.decentralized-content.com/-/rs:fit:600:600/f:best/aHR0cHM6Ly9tYWdpYy5kZWNlbnRyYWxpemVkLWNvbnRlbnQuY29tL2lwZnMvYmFmeWJlaWZza3hlZHh1ZGlzNWFjejdxbndqN2I3bTV3YW42bXBpNHZ4eDV1dmV1cXJtbmpqY2d6NXk=","2693.4504714247805","ipfs://bafybeifskxedxudis5acz7qnwj7b7m5wan6mpi4vxx5uveuqrmnjjcgz5y","2025-04-05 14:03:29.985","7","2025-04-05 14:03:29.985"
"36a8631a-bc22-44c5-ad9e-d68baa24d17c","what are coins even good for?","what are coins even good for?","the system is broken. coins will help fix it. whether it's stablecoins, contentcoins, protcolcoins, memecoins, or something else, this new technology is going to enable the next chapter of humanity.","2025-02-21 20:10:29","0xd211b9417f28d128435cd8d022aeaebbc8a28f17","27771","image/jpeg","1000000000","11511931.81","240.41","30443.78","0xdc1b8f07440ec756bf820db446314ab3d1c5fa6a","https://media.decentralized-content.com/-/rs:fit:600:600/f:best/aHR0cHM6Ly9tYWdpYy5kZWNlbnRyYWxpemVkLWNvbnRlbnQuY29tL2lwZnMvYmFmeWJlaWJqMnJwb3Zrc2dlM3RteHJuZ2RzNWR4cXV0cGE3cnVteW1tcjU2NHN1NHY3ajY0YWFxd20=","-506.21","ipfs://bafybeibj2rpovksge3tmxrngds5dxqutpa7rumymmr564su4v7j64aaqwm","2025-04-05 14:07:34.124","65129","2025-04-05 18:08:24.051"
"373fc47b-70b7-4996-8a60-507508b9be0f","liquidity layer","liquidity layer","each trade leaves a mark","2025-02-25 19:46:57","0xebe2258bb831604d3ca90a6e55eb339fc4fdeea3","10481","image/svg+xml","1000000000","1823438.52","106.79","32949.55","0x5a34646b860485f012435e2486edb375615d1c7b","https://media.decentralized-content.com/-/rs:fit:600:600/f:best/aHR0cHM6Ly9tYWdpYy5kZWNlbnRyYWxpemVkLWNvbnRlbnQuY29tL2lwZnMvUW1jRDVrNTdTajhtdVJ1WWhqN2NVWUQzWG80MVNLWnVFQVpIcG9lZHoyVVN5ZQ==","-456.55","ipfs://QmcD5k57Sj8muRuYhj7cUYD3Xo41SKZuEAZHpoedz2USye","2025-04-05 14:06:44.715","38030","2025-04-05 18:08:21.353"
"37d05376-ec5b-439a-a34f-4f1a7f2660b0","JUST KEEP CLICKING","JUST KEEP CLICKING","Disclosure: This is an experiment testing something in particular. Follow the journey at your own risk. NFA.","2025-02-26 22:00:01","0xc2b094887b8a6d45458004350bc428f4cb5104b1","4163","image/png","1000000000","79445.97","66.7","45726.80","0x78f11d82f93cf707d98e00870c9debf3601fa397","https://media.decentralized-content.com/-/rs:fit:600:600/f:best/aHR0cHM6Ly9tYWdpYy5kZWNlbnRyYWxpemVkLWNvbnRlbnQuY29tL2lwZnMvYmFmeWJlaWJteDNhc3NtMnVieGFibXZ0cTI2ZmRzenVna29sZWZlZWw0a2s2ZzRvdzR1Y250bWU1Znk=","-849.51","ipfs://bafybeibmx3assm2ubxabmvtq26fdszugkolefeel4kk6g4ow4ucntme5fy","2025-04-05 18:08:18.515","55194","2025-04-05 18:08:18.515"
"39f8bbeb-99f5-478b-99b3-1acf15f61723","pinkified","pinkified","web3","2025-02-23 07:39:59","0xb3c5b13be2ed2fb50bf737d735c81356054f7acb","2","image/jpeg","1000000000","0.0","0.0","6313.41","0x8a81fe3857927e2c608273875f567c641296fb71","https://media.decentralized-content.com/-/rs:fit:600:600/f:best/aHR0cHM6Ly9tYWdpYy5kZWNlbnRyYWxpemVkLWNvbnRlbnQuY29tL2lwZnMvYmFmeWJlaWJ5eHh5c250aXR4ZjJnYnR1ZW11ZXl1M3NlN2Y0ZmE3aWxtaGJtNzZ5d3RhZHhwdWhldHU=","0.0","ipfs://bafybeibyxxysntitxf2gbtuemueyu3se7f4fa7ilmhbm76ywtadxpuhetu","2025-04-05 18:10:26.309","4","2025-04-05 18:10:26.309"
"3e618b1a-fa3e-4b0e-b304-c38ad4074f94","angel","angel","the coin angel has visited you","2025-03-31 15:41:43","0x3a5df03dd1a001d7055284c2c2c147cbbc78d142","2741","image/jpeg","1000000000","42272.22","193.04","3444.28","0xf1e8369b1d19efeaa3296e776e723e8d678d0d1f","https://media.decentralized-content.com/-/rs:fit:600:600/f:best/aHR0cHM6Ly9tYWdpYy5kZWNlbnRyYWxpemVkLWNvbnRlbnQuY29tL2lwZnMvYmFmeWJlaWFqbmxubGVkZnZ0dm5tdTMzN21neTNqazZteHJ4cnU2Y2Jhd3p2ZGZtZWZraTVkendlcWk=","87.7","ipfs://bafybeiajnlnledfvtvnmu337mgy3jk6mxrxru6cbawzvdfmefki5dzweqi","2025-04-05 14:07:21.97","11090","2025-04-05 14:07:21.97"
"3e92aaea-4eed-485f-8c02-25fc4a6b3b07","Campbell Soup is up","Campbell Soup is up","in case you were wondering ","2025-04-04 09:28:23","0x0b4b2e46785876414841e859e0fef501758670b0","10","image/jpeg","1000000000","927.71","358.91","1664.22","0xadecec78ca1996537dbe76a0c7903e716d4ecd76","https://media.decentralized-content.com/-/rs:fit:600:600/f:best/aHR0cHM6Ly9tYWdpYy5kZWNlbnRyYWxpemVkLWNvbnRlbnQuY29tL2lwZnMvYmFmeWJlaWh3eGllbzdoam12eDRrZDM3cDRmejVpbDVrandkbXB4am5pbGdwd2F0cnh2cjNycGlvYXU=","-992.38","ipfs://bafybeihwxieo7hjmvx4kd37p4fz5il5kjwdmpxjnilgpwatrxvr3rpioau","2025-04-05 14:05:29.499","36","2025-04-05 14:05:29.499"
"43aa12c0-455f-4679-8828-a03a60d7022f","YZY","YZY",,"2025-04-05 08:30:51","0x032f7eb74c544f75bb5169fc98b0f10da0eba818","19","image/png","1000000000","1588.7","1588.7","1644.36","0x1d0d3ef5dafa999346702c1ce8ba3dd85699975d","https://media.decentralized-content.com/-/rs:fit:600:600/f:best/aHR0cHM6Ly9tYWdpYy5kZWNlbnRyYWxpemVkLWNvbnRlbnQuY29tL2lwZnMvYmFmeWJlaWN6aG5rYzVldjduYm10am1vcXhvNGlnc2NiYnYyaXh6dnVsdDNrazNweWJ1NG1mZm9nd2E=","1643.932906673454","ipfs://bafybeiczhnkc5ev7nbmtjmoqxo4igscbbv2ixzvult3kk3pybu4mffogwa","2025-04-05 14:01:41.392","112","2025-04-05 14:01:41.392"
"48833269-5b46-40cf-aa92-37084f5dfaff","bumble boobs","bumble boobs","bumble boobs on base","2025-04-03 12:30:41","0x0bbc0dfaaa4d27c642fb9684da16775646fefac0","158","image/jpeg","1000000000","6797.88","5947.54","1740.33","0x6f414c8e40b49dfa70121c75d55211ac4d9d5e99","https://media.decentralized-content.com/-/rs:fit:600:600/f:best/aHR0cHM6Ly9tYWdpYy5kZWNlbnRyYWxpemVkLWNvbnRlbnQuY29tL2lwZnMvYmFmeWJlaWdmMmh1Z2JudG1lemlraHloYjJwbGprb3Y3bG9kdXlienRzdWtvbTJ3YXVpZmx4ZTI1b3k=","-849.82","ipfs://bafybeigf2hugbntmezikhyhb2pljkov7loduybztsukom2wauiflxe25oy","2025-04-05 14:01:09.026","1041","2025-04-05 14:01:09.026"
"49aeeade-2b74-442b-895c-aa4b3d5bc15b","amps.fun","amps.fun","get paid when friends post","2025-02-21 20:48:29","0xc108e4324b7ec39f7758bd1827953353fc883f88","21215","image/png","1000000000","2537431.18","2929.08","114774.19","0x1b23819885fce964a8b39d364b7462d6e597ae8e","https://media.decentralized-content.com/-/rs:fit:600:600/f:best/aHR0cHM6Ly9tYWdpYy5kZWNlbnRyYWxpemVkLWNvbnRlbnQuY29tL2lwZnMvYmFmeWJlaWI0cmVnc2V1eXVmaG96aXVodGg2dmpvbjJwdzM3dmFmZzQ0NzdtbG9ib2lkbjVla3JoaXk=","-12764.65","ipfs://bafybeib4regseuyufhoziuhth6vjon2pw37vafg4477mloboidn5ekrhiy","2025-04-05 14:01:31.306","66782","2025-04-05 18:08:12.292"
"4aa113e9-883f-46ff-be28-3f5846b1e699",".priceless.",".priceless.",,"2025-02-23 08:01:15","0xb02f5f1a5705879e35c8c30b3da1d40fe55911f5","2","image/jpeg","1000000000","0.03","0.0","6317.54","0x06901c1060312a55cbd0f82994bc9ca3b1a9d45f","https://media.decentralized-content.com/-/rs:fit:600:600/f:best/aHR0cHM6Ly9tYWdpYy5kZWNlbnRyYWxpemVkLWNvbnRlbnQuY29tL2lwZnMvYmFmeWJlaWQ3YnJ5cmNrMmxob2RvaHVmNG03Z3JweHdkaXdlajZreWdidWV2anpnNGNveXdmZ2FkNXE=","0.0","ipfs://bafybeid7bryrck2lhodohuf4m7grpxwdiwej6kygbuevjzg4coywfgad5q","2025-04-05 18:10:08.862","4","2025-04-05 18:10:08.862"
"4adc4b58-2d2c-46a4-a5bc-e55b4093da10","Terminal 3","Terminal 3",,"2025-04-04 06:07:05","0x25a79c2fba49932c474170794f4c8b6835ae19cb","21","image/jpeg","1000000000","956.19","360.55","1630.42","0xc252f48a160b8cca9b7911838eb93f24825c16f6","https://media.decentralized-content.com/-/rs:fit:600:600/f:best/aHR0cHM6Ly9tYWdpYy5kZWNlbnRyYWxpemVkLWNvbnRlbnQuY29tL2lwZnMvYmFmeWJlaWU3d2dqZ3B6bWd1bDYyd3ltbmg1bWR1ZWo0djUyMzNhd2dwdDZ5M3Z3YXI0NmdxcGdjcHk=","-976.28","ipfs://bafybeie7wgjgpzmgul62wymnh5mduej4v5233awgpt6y3vwar46gqpgcpy","2025-04-05 14:05:22.173","61","2025-04-05 14:05:22.173"
"4ba5bfb1-511a-45f3-8f05-f44f21cd3729","onchain assets as social feeds","onchain assets as social feeds",,"2025-04-04 14:11:13","0x423af542f73b0e489cd0f4bec1db0dd7e678b9e8","107","image/jpeg","1000000000","1182.73","1182.73","1691.02","0xa75dde4762762d48b319f1a9fc817c0d53f3cdb1","https://media.decentralized-content.com/-/rs:fit:600:600/f:best/aHR0cHM6Ly9tYWdpYy5kZWNlbnRyYWxpemVkLWNvbnRlbnQuY29tL2lwZnMvYmFmeWJlaWVvbWg3ZnRlenV4eGxlYXVubno3bHRqb2JvbTNyZWo1bmVod3JzcmFjaXRtcWpxMmJrNXk=","1691.0230174061392","ipfs://bafybeieomh7ftezuxxleaunnz7ltjobom3rej5nehwrsracitmqjq2bk5y","2025-04-05 14:02:13.462","430","2025-04-05 14:02:13.462"
"4bc47b97-6431-4690-9818-de3e35dc6e7c","WDYT About Crypto in One Word?","WDYT About Crypto in One Word?","We asked students at the most expensive college in the U.S. what they really think about crypto.

Some of their answers might surprise you. 😭","2025-03-27 16:43:51","0xa4555a6aa5d6f000103767829f023d42c7c89204","395","video/quicktime","1000000000","11035.3","243.43","1792.34","0x52b9c81687b0c0ffe95f50d09c77f14d408c2bc6","https://media.decentralized-content.com/-/rs:fit:600:600/f:best/aHR0cHM6Ly9tYWdpYy5kZWNlbnRyYWxpemVkLWNvbnRlbnQuY29tL2lwZnMvYmFmeWJlaWVxNDYyM3JzMzN2cnB2eml1bjVzdWFjcWRpcnR5NWNucHBucDRpNzUyNGYzaWFkZTVsanE=","-562.41","ipfs://bafybeihezec3nfzpmx7u3idgpckndk6up2mrplxy7wtmrvrykwiuq6a2ca","2025-04-05 14:06:47.908","1801","2025-04-05 14:06:47.908"
"4cce7852-dc98-469f-9962-7a1dc464964e","Tariffed","Tariffed","The penguin economy never stood a chance.","2025-04-03 19:50:05","0x035d27da33593d6e4869ff0b6dff295e5089bc5a","12","image/jpeg","1000000000","1125.43","416.75","1675.25","0x0d81f9b86944f05e0ff46b0ec56d730e966c729f","https://media.decentralized-content.com/-/rs:fit:600:600/f:best/aHR0cHM6Ly9tYWdpYy5kZWNlbnRyYWxpemVkLWNvbnRlbnQuY29tL2lwZnMvYmFmeWJlaWR3ejV6Ynhia2o0eGE0bTdqcHlnbnJpYmljcGp1aGV5YW15NnA2MnhoeWhyb3g0a2Z3a3E=","-1243.61","ipfs://bafybeidwz5zbxbkj4xa4m7jpygnribicpjuheyamy6p62xhyhrox4kfwkq","2025-04-05 14:04:39.043","38","2025-04-05 14:04:39.043"
"51c8458d-e64d-436c-8200-f39ef2e60ac0","Slytherin","Slytherin",,"2025-03-05 03:46:23","0xd36d589d2f626927f1a630277582d58890290c87","69","image/jpeg","1000000000","12986.95","44.43","6969.47","0x779a248ba71143f17e9dc8964c7d89303d927f28","https://media.decentralized-content.com/-/rs:fit:600:600/f:best/aHR0cHM6Ly9tYWdpYy5kZWNlbnRyYWxpemVkLWNvbnRlbnQuY29tL2lwZnMvYmFmeWJlaWFhbDdycGs0bnQ0Z2lxcmlvbWlzcTRlbnA3Y3dxNWhtNHh1emF3dmNrZGZwaWZ4bmJsNmk=","-103.43","ipfs://bafybeiaal7rpk4nt4giqriomisq4enp7cwq5hm4xuzawvckdfpifxnbl6i","2025-04-05 14:07:46.104","2512","2025-04-05 18:09:29.254"
"51d08ea0-31bc-4d52-ab90-321e890af1f6","Based Feed","Based Feed","You've just been Based","2025-04-05 12:33:51","0x58eaf7f638834b5220f761b23e9952d126c9de17","4","image/jpeg","1000000000","564.88","564.88","2640.34","0x238e8caaffd6245282656a3a3c882202838ee590","https://media.decentralized-content.com/-/rs:fit:600:600/f:best/aHR0cHM6Ly9tYWdpYy5kZWNlbnRyYWxpemVkLWNvbnRlbnQuY29tL2lwZnMvYmFmeWJlaWVyeHp6b2Z5bTc1YTR1NDd2dGZkaWltNWpycXlmN2Z3amx0emczNW1oZGpleHhuNDdoMmk=","2640.343406510136","ipfs://bafybeierxzzofym75a4u47vtfdiim5jrqyf7fwjltzg35mhdjexxn47h2i","2025-04-05 14:04:06.718","5","2025-04-05 14:04:06.718"
"52463d20-842a-49a7-8e43-5e7fb65bae2e","Iguana","Iguana",,"2025-02-22 15:15:17","0xd49a499914b112f71acd53918e659e851db51a59","3","image/png","1000000000","0.03","0.0","6308.98","0x24afa989f171bf50e4e35f12401a0b98b679bc32","https://media.decentralized-content.com/-/rs:fit:600:600/f:best/aHR0cHM6Ly9tYWdpYy5kZWNlbnRyYWxpemVkLWNvbnRlbnQuY29tL2lwZnMvYmFmeWJlaWE2b2EzaTZpcWo1NmFiM3VrZHQ0cW9laW1vb2F0NnE1YXhsbzd2Z21tNjRjNm1yNnlrbGk=","0.0","ipfs://bafybeia6oa3i6iqj56ab3ukdt4qoeimooat6q5axlo7vgmm64c6mr6ykli","2025-04-05 18:11:47.367","4","2025-04-05 18:11:47.367"
"52d78c3f-ffe1-4fb7-9f6f-8404c8a511de","base is for dackies","base is for dackies","base is for dackies 𓅰","2025-04-01 14:40:23","0x92f4e1ab35fdd0505a0a1bef4adf3d86647e1b41","281","image/png","1000000000","11795.02","1021.61","2332.46","0x6ff6ffd4a595e1d1b1d7ae868164637259826408","https://media.decentralized-content.com/-/rs:fit:600:600/f:best/aHR0cHM6Ly9tYWdpYy5kZWNlbnRyYWxpemVkLWNvbnRlbnQuY29tL2lwZnMvYmFmeWJlaWMzdGN6ZW56Z2oza2pxdDJham42bXE2dXoybGx2dHhqeGtpMzVmcDdrNmp5eGg0czNmY2U=","682.48","ipfs://bafybeic3tczenzgj3kjqt2ajn6mq6uz2llvtxjxki35fp7k6jyxh4s3fce","2025-04-05 14:02:28.165","1726","2025-04-05 14:02:28.165"
"5389d753-146f-436c-b1c0-371b8ae07816","reality ","reality ",,"2025-04-04 09:52:59","0xed3b85cdc97b98206d8fc72babdec8b6bd43119d","13","image/jpeg","1000000000","594.67","594.67","1802.73","0x10d3f5f232d2790469db0c7baa4c1f971cfa4ffa","https://media.decentralized-content.com/-/rs:fit:600:600/f:best/aHR0cHM6Ly9tYWdpYy5kZWNlbnRyYWxpemVkLWNvbnRlbnQuY29tL2lwZnMvYmFmeWJlaWRkZmhyN291d3l2aW16NHMydmNna3B1YTVoc2s3ajNmcHJueWd3bGhtbW1sbGJoeGltaWk=","184.54","ipfs://bafybeiddfhr7ouwyvimz4s2vcgkpua5hsk7j3fprnygwlhmmmllbhximii","2025-04-05 14:03:20.595","31","2025-04-05 14:03:20.595"
"5390fee9-438e-48ac-bca0-7b9c490e1c39","Built different","Built different",,"2025-04-05 01:45:19","0xd145ce080307848848e7bc6816d6db5bc78b0f71","130","image/jpeg","1000000000","4858.12","4858.12","2025.06","0xef0a1cd378bf95d15cee68fcefdb29ad15bc43b6","https://media.decentralized-content.com/-/rs:fit:600:600/f:best/aHR0cHM6Ly9tYWdpYy5kZWNlbnRyYWxpemVkLWNvbnRlbnQuY29tL2lwZnMvYmFmeWJlaWc1eDJ3YmJnc3luZ3NzNm01aTdhZDJxeTM0bnd6YmVjaTN5ZGFyYnFrNXRxa3pzYXBvdXk=","2025.0355548011014","ipfs://bafybeig5x2wbbgsyngss6m5i7ad2qy34nwzbeci3ydarbqk5tqkzsapouy","2025-04-05 14:01:19.061","634","2025-04-05 14:01:19.061"
"55cdc207-6c94-4f3a-bea6-acc896658938","Screenshot 2025-02-07 184647","Screenshot 2025-02-07 184647",,"2025-02-22 06:38:19","0x4d6fd2c9656149fcd8780f1925d5fa0a8331d82f","3","image/png","1000000000","0.54","0.0","6308.50","0x6a07a5673ef7f50fe2077677b8b90b915837cfc8","https://media.decentralized-content.com/-/rs:fit:600:600/f:best/aHR0cHM6Ly9tYWdpYy5kZWNlbnRyYWxpemVkLWNvbnRlbnQuY29tL2lwZnMvYmFmeWJlaWVmd3Jld2hqN3F3NXpkcXludGtjMnNnYmx1YzNjYW9wY3ViNDUzbzY3cWNrM25nZ2FjY3k=","0.0","ipfs://bafybeiefwrewhj7qw5zdqyntkc2sgbluc3caopcub453o67qck3nggaccy","2025-04-05 18:12:05.928","10","2025-04-05 18:12:05.928"
"5a084d07-3fb0-41fb-8126-29fcf537908a","bus","bus","new perspective just dropped","2025-03-29 14:33:07","0x3a5df03dd1a001d7055284c2c2c147cbbc78d142","3348","image/png","1000000000","20884.23","468.78","4656.45","0x1450adbc54fc986b9a4fb207c56384aa6b1d66fa","https://media.decentralized-content.com/-/rs:fit:600:600/f:best/aHR0cHM6Ly9tYWdpYy5kZWNlbnRyYWxpemVkLWNvbnRlbnQuY29tL2lwZnMvYmFmeWJlaWNydnN6ZzRkb3RyY2s1NmJtdXFvaDRhZGNsd2k2cnpqemdteHVsYjV2cWVodjVzMnJ0Z2U=","164.35","ipfs://bafybeicrvszg4dotrck56bmuqoh4adclwi6rzjzgmxulb5vqehv5s2rtge","2025-04-05 14:04:22.041","12967","2025-04-05 14:04:22.041"
"5d02bcca-5655-4de5-a980-edcf5d2ff25d","Coinboost","Coinboost","Boost your coin today on coinboost to get discovered on Zora","2025-03-25 17:20:13","0x565b93a15d38acd79c120b15432d21e21ed274d6","2034","image/png","1000000000","557508.63","6.08","7867.62","0xb688ec9d5370bfe5d637581ce35b06c714943dd9","https://media.decentralized-content.com/-/rs:fit:600:600/f:best/aHR0cHM6Ly9tYWdpYy5kZWNlbnRyYWxpemVkLWNvbnRlbnQuY29tL2lwZnMvYmFmeWJlaWFzbzR0enRzZ2Vnbmk0aGI1Y2tqbnV1bmVxN3dtM3VyZm5paW1zdTU1emNnZXU0N3BsYXE=","-34.39","ipfs://bafybeiaso4tztsgegni4hb5ckjnuuneq7wm3urfniimsu55zcgeu47plaq","2025-04-05 18:09:09.926","11773","2025-04-05 18:09:09.926"
"5e5698e9-588b-4d6f-936c-c2979b60e4db","Men in black, Hanoi","Men in black, Hanoi","Took this in Hanoi, Vietnam years ago. Love this photo.","2025-04-04 13:54:39","0x8b840bdfa903811e3a616ad4a610cd2c96f970e3","3","image/jpeg","1000000000","934.99","934.99","1652.37","0x657ce0aeada8e525660a4fc7afcda624d0f35c69","https://media.decentralized-content.com/-/rs:fit:600:600/f:best/aHR0cHM6Ly9tYWdpYy5kZWNlbnRyYWxpemVkLWNvbnRlbnQuY29tL2lwZnMvYmFmeWJlaWF4bHR6Y3o3Z3RpM3B3bGh6dDJmaDR6aWdkdTV1eHl0ZXF1b2JtdzZyYTRhZ3hobWdsbGE=","2684.6543364883614","ipfs://bafybeiaxltzcz7gti3pwlhzt2fh4zigdu5uxytequobmw6ra4agxhmglla","2025-04-05 14:02:31.681","7","2025-04-05 14:02:31.681"
"5f158aeb-5a24-4aaf-a6c2-71fe2cfa7621","coins","coins",,"2025-02-21 16:28:23","0x87e4e85d2e20b6a97be8fa81a3f524079e250fd1","11484","image/png","1000000000","7190724.95","654.59","30437.85","0xd93dc936e60e9e275cbe6f225e9c065951b9b1d4","https://media.decentralized-content.com/-/rs:fit:600:600/f:best/aHR0cHM6Ly9tYWdpYy5kZWNlbnRyYWxpemVkLWNvbnRlbnQuY29tL2lwZnMvYmFmeWJlaWNxamtiNmw2MnZ2dHlmcm14a3l4d2l2bTdveWRpc2VhZWNvbG5mdjdwNzRoeXJxa3FnN2k=","-564.07","ipfs://bafybeicqjkb6l62vvtyfrmxkyxwivm7oydiseaecolnfv7p74hyrqkqg7i","2025-04-05 18:08:26.773","84841","2025-04-05 18:08:26.773"
"61a276e3-981c-4225-8813-da0fdd4cab84","Builder Rewards","Builder Rewards","Introducing Builder Rewards, a way for builders to earn just for doing what they do... build! - Powered by @talentprotocol

 

","2025-04-04 11:35:21","0x63e5575eed0dfcecd7882c6a8c2048d5781afaa4","2","video/mp4","1000000000","563.52","352.35","1649.62","0x9eb7d7ce00252abc92658ddc60e6704c220c8fd3","https://media.decentralized-content.com/-/rs:fit:600:600/f:best/aHR0cHM6Ly9tYWdpYy5kZWNlbnRyYWxpemVkLWNvbnRlbnQuY29tL2lwZnMvYmFmeWJlaWdsZTZ1cnU0a3d6eGthaW5lcHNkMzZ6bnlub3BtNnE3eHZ1eXFtNjVqZ3JremJkcnVwZ2E=","16.96","ipfs://bafybeieb5dgbs36o3t4hwznlwceywzptc6pe5iabzuaijm2a67r7smzaua","2025-04-05 14:05:54.696","5","2025-04-05 14:05:54.696"
"62d11993-ab3d-4312-981e-19b1ec7f678a","Urban Rhapsody","Urban Rhapsody",,"2025-04-02 18:06:55","0x1064d4caba51f50107b70415155df660db9fc100","4","image/jpeg","1000000000","201.72","201.46","1623.64","0xbdf54971a4cd27c9e1d070d630ec231350fa73bb","https://media.decentralized-content.com/-/rs:fit:600:600/f:best/aHR0cHM6Ly9tYWdpYy5kZWNlbnRyYWxpemVkLWNvbnRlbnQuY29tL2lwZnMvYmFmeWJlaWFpbW9sazNnN2NheWY1dW1pcmQ0Y291d2ZlcGx2NjZqamhkeXZtdHphZG8zaG13Nm1jeGk=","10.92","ipfs://bafybeiaimolk3g7cayf5umird4couwfeplv66jjhdyvmtzado3hmw6mcxi","2025-04-05 14:07:11.355","12","2025-04-05 14:07:11.355"
"65406b56-30ab-4a80-9558-b8ad01e9c868","Massive BASE onboarding at Shoprite ","Massive BASE onboarding at Shoprite ",,"2025-04-04 13:47:25","0xde35fb61c6b55653bc274b7e4c43b56461eb11bf","82","image/jpeg","1000000000","1076.76","1076.76","1699.99","0x8ead66fc1790ff8064a9843675c207f8308e913e","https://media.decentralized-content.com/-/rs:fit:600:600/f:best/aHR0cHM6Ly9tYWdpYy5kZWNlbnRyYWxpemVkLWNvbnRlbnQuY29tL2lwZnMvYmFmeWJlaWRqdjNqcmR2ZHh6ZGxkZXZsNDJpM25zbDVsZWlld3FuYTJ0emE1aHB1dndkeG1idTdwcXk=","1699.9516778030086","ipfs://bafybeidjv3jrdvdxzdldevl42i3nsl5leiewqna2tza5hpuvwdxmbu7pqy","2025-04-05 14:02:20.496","276","2025-04-05 14:02:20.496"
"6547fb30-1f96-4eb0-9d19-31930aceb8b3","red light therapy  ","red light therapy  ",,"2025-04-04 20:12:49","0x45bd57e3fa455a2e6cac114e7b1695f0b92f2c81","13","image/jpeg","1000000000","579.79","579.79","2684.12","0x02b8da58e9347e50a4e65b19f26665bc74e95361","https://media.decentralized-content.com/-/rs:fit:600:600/f:best/aHR0cHM6Ly9tYWdpYy5kZWNlbnRyYWxpemVkLWNvbnRlbnQuY29tL2lwZnMvYmFmeWJlaWNxNmhubnVxNXNnZ2dlaGlnNGNua3J4aXptbmk2b2RxYTZkcjNrdnJpdHBmN2FtazMyaDQ=","2684.0726794861866","ipfs://bafybeicq6hnnuq5sgggehig4cnkrxizmni6odqa6dr3kvritpf7amk32h4","2025-04-05 14:03:24.491","16","2025-04-05 14:03:24.491"
"675dd8fa-a9e9-45b1-99e8-6b0fab6ae692","basepill","basepill","do it","2025-03-05 07:53:09","0xb3fffbb84f686dc8c1db7222188b40f5f0cddae2","11493","image/jpeg","1000000000","221852.96","138.62","2638.14","0x3bcf328ecb6b31cea3d1f044b96c7a24b3bf42d2","https://media.decentralized-content.com/-/rs:fit:600:600/f:best/aHR0cHM6Ly9tYWdpYy5kZWNlbnRyYWxpemVkLWNvbnRlbnQuY29tL2lwZnMvYmFmeWJlaWdwbmVldW5kNjU2bGl1cTVzZXI3NGRqNzJubDZ4Z2tiY29vbGlyeXdvc3RndHU2M3R3NWk=","-354.32","ipfs://bafybeigpneeund656liuq5ser74dj72nl6xgkbcoolirywostgtu63tw5i","2025-04-05 14:08:26.947","19310","2025-04-05 14:08:26.947"
"6857c8a0-79ab-4ca8-bedd-2c23c532c3e3","we're on to something with coins","we're on to something with coins","there's something happening right now with coins. look at clanker, flaunch, zora - all new platforms that are finding new ways to use coins that are social, composable, and (more) intrinsically motivated.

where do we go from here? how do we make coins work for everyone? up to us.","2025-02-22 00:27:07","0xd211b9417f28d128435cd8d022aeaebbc8a28f17","11580","video/mp4","1000000000","1084026.94","38.3","11842.48","0xadb93703aaaaff62a1be56e12846dc5d6e8df53c","https://media.decentralized-content.com/-/rs:fit:600:600/f:best/aHR0cHM6Ly9tYWdpYy5kZWNlbnRyYWxpemVkLWNvbnRlbnQuY29tL2lwZnMvYmFmeWJlaWViejdnN2EyeWFhZXZobDIzY3M2dnV2bXczaXFjaWxsZmtlaWNnYnVjZTNuN2FkeDQ2Ym0=","115.07","ipfs://bafybeic5jbf3qqeu63iqejxs6smfeaxt5etiv4g7hgv6qamdd26wbmg3p4","2025-04-05 18:08:53.051","23198","2025-04-05 18:08:53.051"
"693d14cf-68a2-49c2-aa6e-9c0961c7884c","Baby, I'll Math With You","BABYI",,"2025-04-03 16:46:37","0x3d9456ad6463a77bd77123cb4836e463030bfab4","3",,"1000000000","489.7","398.98","4006.03","0xcc1cd5373a32a742785d03b91bf165e546c429c9",,"85.23",,"2025-04-05 14:04:59.283","5","2025-04-05 14:04:59.283"
"6e5643da-e5d3-4913-aa73-9440d63829db","Love in the Sky","Love in the Sky","Somewhere between gravity and poetry, this happened.","2025-04-04 20:18:51","0xab439f60924a40ef9f3f412edeb6738f21560dda","11","image/jpeg","1000000000","211.29","211.29","1684.27","0x72abef727e3b31f190978e2116dddb58f87b5954","https://media.decentralized-content.com/-/rs:fit:600:600/f:best/aHR0cHM6Ly9tYWdpYy5kZWNlbnRyYWxpemVkLWNvbnRlbnQuY29tL2lwZnMvYmFmeWJlaWhkbXZwaTJreGw2dXRoaDJwa2d6dnZ2dm95amltdWhrajJkbGU3dG1oeGtkM3N5ZGJpY2E=","1684.2707379333426","ipfs://bafybeihdmvpi2kxl6uthh2pkgzvvvvoyjimuhkj2dle7tmhxkd3sydbica","2025-04-05 14:07:05.177","24","2025-04-05 14:07:05.177"
"70c730fe-4ee8-44f0-9fc8-5ad893c9cc88","small tiger tavern","small tiger tavern",,"2025-02-27 03:53:51","0x4b7d444f687f9d7022c9a8d5b602319e2438e244","254","image/jpeg","1000000000","136939.75","0.0","7574.40","0xcec47fa52385dcd9a470ceda8b80d6c5f7b108b4","https://media.decentralized-content.com/-/rs:fit:600:600/f:best/aHR0cHM6Ly9tYWdpYy5kZWNlbnRyYWxpemVkLWNvbnRlbnQuY29tL2lwZnMvYmFmeWJlaWg1cG10czVtNW5rMmF5ZXd4bHJ6Zjc3Y2FrdDRqb2htNGdoNXc1bHRyZjQzeHFvMzU1NTQ=","0.0","ipfs://bafybeih5pmts5m5nk2ayewxlrzf77cakt4johm4gh5w5ltrf43xqo35554","2025-04-05 18:09:20.165","2455","2025-04-05 18:09:20.165"
"71463331-3277-4128-b453-349c32cd487e","Solar Gaze of Eternity","ATOM","In this mesmerizing portrait, Dr. Manhattan transcends time and space, his gaze locked onto the blazing sun as the universe unfolds within him.","2025-04-03 18:46:47","0xe3672ddd7cf52ba8d5f4413e7bb5bbb5e7dc0efd","332","image/png","1000000000","5559.92","264.73","4183.10","0x60c28c4eff13452277bdc9889c639db072d01d8b","https://media.decentralized-content.com/-/rs:fit:600:600/f:best/aHR0cHM6Ly9jZG4uZGlzY29yZGFwcC5jb20vYXR0YWNobWVudHMvMTM1NzI0MjkxNzA0Njk4MDcyMS8xMzU3NDQwOTk2NjY4OTk3ODIyL2VtaWx5NV93ZWF2ZXIwOTU4Nl9hbl9hbGV4X2dyYXlfc3R5bGVfcG9ydHJhaXRfb2ZfZHJfbWFuaGF0dGFuX18xMDAxMzA1OC00NjFkLTQ2NWItOTc4MC03ZGVmNzQ4ZDU5NTgucG5nP2V4PTY3ZjAzNmYxJmlzPTY3ZWVlNTcxJmhtPTcwMDczNGY3YmZiMjI1MDk2MzRlYzM5ZGEzZjE4MGViOTEzMWNiZGEwNjA2N2RmOTM3ODk5ZjRiZTY1ZWMzMDEm","74.93","https://cdn.discordapp.com/attachments/1357242917046980721/1357440996668997822/emily5_weaver09586_an_alex_gray_style_portrait_of_dr_manhattan__10013058-461d-465b-9780-7def748d5958.png?ex=67f036f1&is=67eee571&hm=700734f7bfb22509634ec39da3f180eb9131cbda06067df937899f4be65ec301&","2025-04-05 14:06:39.692","1338","2025-04-05 14:06:39.692"
"719284eb-6442-417e-a39a-6cdadc2dd857","think outside the box","think outside the box",,"2025-04-03 15:07:15","0x7a97ae95da76b6caa4c4a49fe229df2b2ab57d8a","4","image/jpeg","1000000000","724.85","293.27","1657.84","0x0797c245b9b418eb047250bbb63d2fc67901d910","https://media.decentralized-content.com/-/rs:fit:600:600/f:best/aHR0cHM6Ly9tYWdpYy5kZWNlbnRyYWxpemVkLWNvbnRlbnQuY29tL2lwZnMvYmFmeWJlaWZwdHlzdGc0aWk2a2Vna3psdHUzeDM0czRmaDd4eGN3b3h5NTR1bnhqdW1nN2FtbnV3MjQ=","-812.56","ipfs://bafybeifptystg4ii6kegkzltu3x34s4fh7xxcwoxy54unxjumg7amnuw24","2025-04-05 14:06:13.521","10","2025-04-05 14:06:13.521"
"723257a4-9325-4074-98aa-15656bdc80aa","483","483","©2025","2025-02-23 14:35:15","0x2a67f9cdb86087f912bf0ebc7234f97a5a7a518b","5","image/jpeg","1000000000","4422.79","0.0","6313.46","0x04b823c1ebb047d1e5cf1c1757e763fb82f2a90c","https://media.decentralized-content.com/-/rs:fit:600:600/f:best/aHR0cHM6Ly9tYWdpYy5kZWNlbnRyYWxpemVkLWNvbnRlbnQuY29tL2lwZnMvYmFmeWJlaWN5cm94NW1yYWk0aDNhangyZ3BpaXFtNmtyc2NzYjV1ejV4b2xuNzZrNHhudWo3bm1kcGU=","0.0","ipfs://bafybeicyrox5mrai4h3ajx2gpiiqm6krscsb5uz5xoln76k4xnuj7nmdpe","2025-04-05 18:10:23.563","48","2025-04-05 18:10:23.563"
"740b0e32-542b-4c72-8f63-b3e7c1906281","CREATE","CREATE","Creativity isn’t something you schedule. 

It isn’t something you wait for. It’s what you do. It’s who you are.

The world doesn’t need more permission, more red tape, more algorithms deciding who gets seen and who doesn’t. 

It needs more creators creating. 

Unfiltered. Unapologetic. Unstoppable.

That’s why we're introducing $CREATE.

A reward system for the ones who refuse to overthink, who don’t ask “should I?” but instead say “watch me.”

Because creation isn’t about validation. 

It’s about execution. 

It’s about taking that idea in your head and making it real.

We’re here to fuel that. 

To make sure that when you just create, the world takes notice. 

And you get what you deserve for doing it.

No gatekeepers. No waiting. No limits.

JUST CREATE.","2025-03-05 03:09:21","0xaf8c75fadfd6460ca4bd1df07992c0c2a4f7c661","9891","video/mp4","1000000000","393392.68","351.9","100310.57","0x8a9cf9ae6536127129727938cb1a6438273e4f94","https://media.decentralized-content.com/-/rs:fit:600:600/f:best/aHR0cHM6Ly9tYWdpYy5kZWNlbnRyYWxpemVkLWNvbnRlbnQuY29tL2lwZnMvYmFmeWJlaWVtNmx1eTRwbHNwY3c1YW82bnJ0ZWIyN2t4eTdyazVzYXBnYjVlczQ3eG42d2ltaHZrZ3U=","-1915.96","ipfs://bafybeicqwiwj7kiijmlx7yxkrpaj3e6gn3mo7noqw3vg7avef547rpeeye","2025-04-05 18:08:15.226","235230","2025-04-05 18:08:15.226"
"7734d846-0896-4954-a8b1-e72603a5bf23","EIC04","EIC04","EIC04 is the fourth issue of ETH Investors Club Quarterly and features essays from founders and contributors spanning across the Ethereum ecosystem.

EIC04 is 100 pages and ~23k words and is entirely free to read online: ethinvestorsclub.com/eic04","2025-03-14 06:24:51","0x0d2cc5acd91f97f9f12c0dad894c6cb9ac383886","1746","video/mp4","1000000000","1699635.62","0.03","7639.62","0x9910737948144c4cb0482968c48aafe4a62874ce","https://media.decentralized-content.com/-/rs:fit:600:600/f:best/aHR0cHM6Ly9tYWdpYy5kZWNlbnRyYWxpemVkLWNvbnRlbnQuY29tL2lwZnMvYmFmeWJlaWhoY29jbHp3NjV3b3Njd2tnNWx3M2xraTZhNnM0cXcyc2ZrcW1uc3R3YzdkM2Nnbm9scHE=","98.47","ipfs://bafybeicwnpzur24jnmihfhecnxxmhtc7vcvnqqijfpc4yy6jxcnwauh66e","2025-04-05 18:09:16.569","11091","2025-04-05 18:09:16.569"
"7c3e998d-329b-448d-853a-3ed8b870d9ca","test","test",,"2025-04-04 20:41:51","0xf562e77f79ba773df99aa1ef2ab0a40e87a61f5c","80","text/plain; charset=utf-8","1000000000","1197.45","1197.45","1655.06","0x4cc66c233c8e9ba90219303f845ad3b9500a628b","https://media.decentralized-content.com/-/rs:fit:600:600/f:best/aHR0cHM6Ly9tYWdpYy5kZWNlbnRyYWxpemVkLWNvbnRlbnQuY29tL2lwZnMvYmFmeWJlaWR0ZzVzM29meHM1cXVnZWV5eXVqcm54eGVjc3J4eXg3empna2Jjb3QyNXk2bm9odXF5Y3k=","1655.4689064515576","ipfs://bafybeiaqdv43vkkcqznxzpydgbny5bcjqicy7xmrnk7oxjqmy5g3bt7rve","2025-04-05 14:02:06.806","365","2025-04-05 14:02:06.806"
"7cc0ee69-b28e-4987-8957-b6be5ab496b5","special world","special world","world of KING","2025-02-22 07:40:25","0x676ad40640eb75a7c470ed74d4e2c9c362ac57d3","3","image/jpeg","1000000000","1.89","0.0","6313.99","0xb5ccb10cab507a8e154a8af55cb148d5c265eea8","https://media.decentralized-content.com/-/rs:fit:600:600/f:best/aHR0cHM6Ly9tYWdpYy5kZWNlbnRyYWxpemVkLWNvbnRlbnQuY29tL2lwZnMvYmFmeWJlaWRldmxvbmozYXM0bHhtbDJoMmgyMm9qeGpjNDJyNmF2dHpwaXNpcWg3cHo3Y2VkMzdsYm0=","0.0","ipfs://bafybeidevlonj3as4lxml2h2h22ojxjc42r6avtzpisiqh7pz7ced37lbm","2025-04-05 18:10:20.776","11","2025-04-05 18:10:20.776"
"7f6d86bd-586b-476d-be2a-4fd67334e230","THAT HORSE","THAT HORSE",,"2025-02-21 18:32:53","0x3b319bc28ef2647abd8b8691a003beea3c9dd585","680","image/png","1000000000","237542.59","1.0","7259.08","0xfbe7b306acebefa4ed7a72ecb60675b92942bccc","https://media.decentralized-content.com/-/rs:fit:600:600/f:best/aHR0cHM6Ly9tYWdpYy5kZWNlbnRyYWxpemVkLWNvbnRlbnQuY29tL2lwZnMvYmFmeWJlaWh2NTY3cmR4c3ppcXptejZ5czNyZ3BqaW4zdHZkYmU3bWF5cmpyNGl0Mm81cjRwM3BhejQ=","-12.0","ipfs://bafybeihv567rdxsziqzmz6ys3rgpjin3tvdbe7mayrjr4it2o5r4p3paz4","2025-04-05 18:09:25.579","4829","2025-04-05 18:09:25.579"
"7f77ea91-e21b-42e3-b481-d5a7ed17e4b3","HACK BYBIT","HACK BYBIT",,"2025-02-23 15:00:21","0x640bead7d69f5948642d16e5da2390b43a3536e1","2","image/jpeg","1000000000","3.01","0.0","6311.81","0xc9fdef66e5c59384dbfa018c434eb9d1c9d1342d","https://media.decentralized-content.com/-/rs:fit:600:600/f:best/aHR0cHM6Ly9tYWdpYy5kZWNlbnRyYWxpemVkLWNvbnRlbnQuY29tL2lwZnMvYmFmeWJlaWZ6dXNzNDNoeWN3YnF4NWFxZzVlemJsZzJjbmFsc2ZoZDR1NWN4a2h0dnVldHdqZGQ0M2U=","0.0","ipfs://bafybeifzuss43hycwbqx5aqg5ezblg2cnalsfhd4u5cxkhtvuetwjdd43e","2025-04-05 18:10:51.598","7","2025-04-05 18:10:51.598"
"814eca2d-91b0-427c-9fee-5fa69cfd7b43","Screenshot 2025-02-14 132704","Screenshot 2025-02-14 132704",,"2025-02-23 07:36:53","0xbe855469997e66d6b1f6d72642ba8ffd02741ef0","2","image/jpeg","1000000000","0.14","0.0","6311.52","0x058e8a7db1acf41a8795d4e0129b6742c1b20f2c","https://media.decentralized-content.com/-/rs:fit:600:600/f:best/aHR0cHM6Ly9tYWdpYy5kZWNlbnRyYWxpemVkLWNvbnRlbnQuY29tL2lwZnMvYmFmeWJlaWRjdjIybWgzanJ4a3ZzY29raWlja3RmbG5oam5uanNid3lobmU1am5oa3FzZnNpNGZweHk=","0.0","ipfs://bafybeidcv22mh3jrxkvscokiicktflnhjnnjsbwyhne5jnhkqsfsi4fpxy","2025-04-05 18:10:54.564","4","2025-04-05 18:10:54.564"
"822cd384-0670-43a3-bace-5f15978573dd","Red Market ","Red Market ",,"2025-04-04 21:59:49","0x93be0f95e547ffe22a135149abfb8b98495bf901","2","image/jpeg","1000000000","358.33","358.33","1651.03","0xbccf07b9f4677c058113b20d29383afb48571fdf","https://media.decentralized-content.com/-/rs:fit:600:600/f:best/aHR0cHM6Ly9tYWdpYy5kZWNlbnRyYWxpemVkLWNvbnRlbnQuY29tL2lwZnMvYmFmeWJlaWRydm4ycnd4Zm9yZmN5Y25qdWYzMjZ4eXNtZ3F1NXVqcnF5ZXphdG1rNXVvMjVmdm1wczQ=","2026.3713078840979","ipfs://bafybeidrvn2rwxforfcycnjuf326xysmgqu5ujrqyezatmk5uo25fvmps4","2025-04-05 14:05:36.271","6","2025-04-05 14:05:36.271"
"8312339c-590b-41aa-b7d6-652b870cd1a9","SCAN","SCAN","• $SCAN coined on @zora for utility
• $SCAN lets you claim the creator earning by scanning QR Code
• $SCAN holder can reveal blurred pieces of a 9-piece QR code
• 7 of 9 pieces have been unlocked
• next one unlocking at $150k market cap","2025-03-04 12:55:35","0x9a5ba5088f2a097a301e5eae5238bd7d7194c467","2051","image/gif","1000000000","113297.15","98.01","30094.65","0x20429f731096e359910921994a267d32ef576720","https://media.decentralized-content.com/-/rs:fit:600:600/f:best/aHR0cHM6Ly9tYWdpYy5kZWNlbnRyYWxpemVkLWNvbnRlbnQuY29tL2lwZnMvYmFmeWJlaWd1NTcycno1dXo3dnRpNGJtZDJsdHBzcG5ydGh0NHo2emk3cXd1ZGp1NGZpMmJldWx0emE=","-191.41","https://magic.decentralized-content.com/ipfs/bafybeigu572rz5uz7vti4bmd2ltpspnrtht4z6zi7qwudju4fi2beultza","2025-04-05 18:08:29.71","16299","2025-04-05 18:08:29.71"
"86054702-3d11-4896-925c-6e38b9357f53","sims","sims","simulations","2025-02-24 01:28:19","0x899025780d5b2d048dfaf4eb57a3aa70beddb352","3036","image/jpeg","1000000000","54417.38","39.26","18182.98","0xdcb492364375a425547fedd3bbe66904994c6182","https://media.decentralized-content.com/-/rs:fit:600:600/f:best/aHR0cHM6Ly9tYWdpYy5kZWNlbnRyYWxpemVkLWNvbnRlbnQuY29tL2lwZnMvYmFmeWJlaWJzNWduN3o3c2thYzdmNmJsdGRmaXkzejZzcHhya3pnbXp6N3JzMmtjeDdtNHZ5YXNzN2E=","-208.48","ipfs://bafybeibs5gn7z7skac7f6bltdfiy3z6spxrkzgmzz7rs2kcx7m4vyass7a","2025-04-05 18:08:38.614","7108","2025-04-05 18:08:38.614"
"884ae184-67e1-4742-8003-fe9996a804c4","Surf's up","Surf's up","Head high with occasional overhead cleanup sets","2025-04-04 11:39:11","0xd91d9de054e294d9bebb7149955457300a9305cc","16","image/jpeg","1000000000","703.17","409.0","1654.54","0x2fb2854d90d6583b50d96d84fc9b84c8981ba1de","https://media.decentralized-content.com/-/rs:fit:600:600/f:best/aHR0cHM6Ly9tYWdpYy5kZWNlbnRyYWxpemVkLWNvbnRlbnQuY29tL2lwZnMvYmFmeWJlaWNoYWduaGhzYXNhenZvdDNyeXFjaGIycXNhbXVweWhzZXdkeXNiY2RuYmZyd290dDJ4cXk=","-1220.65","ipfs://bafybeichagnhhsasazvot3ryqchb2qsamupyhsewdysbcdnbfrwott2xqy","2025-04-05 14:04:52.289","19","2025-04-05 14:04:52.289"
"8a3beb18-2264-4ffe-9d7e-1ca31a265fed","FUD DADDY","FUD DADDY","If this squishy face could talk, it would probably say, ""I’ve seen worse.""","2025-04-04 13:42:37","0x311ab3891141fb6e2b75649820d04bf007c23d09","165","image/jpeg","1000000000","2567.35","2567.35","1806.77","0xde1ea9648751256bdd7de91f78bd8f1fff19c7c7","https://media.decentralized-content.com/-/rs:fit:600:600/f:best/aHR0cHM6Ly9tYWdpYy5kZWNlbnRyYWxpemVkLWNvbnRlbnQuY29tL2lwZnMvYmFmeWJlaWFnZ29qZnE2dG5na282d2Q2eWwyZmZhanh1bXN6d2Y3dWdzcDRlemFpbXR6MnB3b3ZlaWU=","1806.7673198797486","ipfs://bafybeiaggojfq6tngko6wd6yl2ffajxumszwf7ugsp4ezaimtz2pwoveie","2025-04-05 14:01:34.86","624","2025-04-05 14:01:34.86"
"8a652df6-f749-4bcb-828e-9e86479a89ae","Holy piece","Holy piece",,"2025-02-23 07:53:21","0xb02f5f1a5705879e35c8c30b3da1d40fe55911f5","2","image/jpeg","1000000000","0.03","0.0","6310.88","0xb5b03f8dd2ef783dba9400045b18b6e1d5464f23","https://media.decentralized-content.com/-/rs:fit:600:600/f:best/aHR0cHM6Ly9tYWdpYy5kZWNlbnRyYWxpemVkLWNvbnRlbnQuY29tL2lwZnMvYmFmeWJlaWY2Y3FndnlrbXVxYWhveDdzN243YWdmYmc3eTUzYXNuemk0cDd4aXJubmk0YnhydWpxcXU=","0.0","ipfs://bafybeif6cqgvykmuqahox7s7n7agfbg7y53asnzi4p7xirnni4bxrujqqu","2025-04-05 18:11:00.805","4","2025-04-05 18:11:00.805"
"8b121ee4-8ad0-419a-b1f7-f707d82784f2","fe832e3467cdd87d353b5a9173a3e42e","fe832e3467cdd87d353b5a9173a3e42e",,"2025-02-23 18:25:07","0x15da1d5de7e0065c368cdba996794ad596961a04","3","image/jpeg","1000000000","5.72","0.0","6311.93","0x41ace815fc8d6c101b09a76d15feb51243bf5ce8","https://media.decentralized-content.com/-/rs:fit:600:600/f:best/aHR0cHM6Ly9tYWdpYy5kZWNlbnRyYWxpemVkLWNvbnRlbnQuY29tL2lwZnMvYmFmeWJlaWZpdGJwbGJ6dGNtc2l4Yjd5YjZpMnNtdTJkbmluNGd5Ynhyb25xanB3bmRqcXQzNXg1bjQ=","0.0","ipfs://bafybeifitbplbztcmsixb7yb6i2smu2dnin4gybxronqjpwndjqt35x5n4","2025-04-05 18:10:46.074","18","2025-04-05 18:10:46.074"
"8c0f1797-b89f-49b2-b684-9ebe752499be","Gryffindor","Gryffindor","Choose your house...","2025-03-05 03:43:43","0xd36d589d2f626927f1a630277582d58890290c87","65","image/jpeg","1000000000","10126.17","47.03","6843.05","0x2b999ad6be65606020f68f0128ff0188a1e9affc","https://media.decentralized-content.com/-/rs:fit:600:600/f:best/aHR0cHM6Ly9tYWdpYy5kZWNlbnRyYWxpemVkLWNvbnRlbnQuY29tL2lwZnMvYmFmeWJlaWVhNnZvZ3NkaGI2NW1rcWtlNzR1bW1leGQ2dm9lbXBrY2JzNzU0NjM1a3J3MjZ6YW41d3k=","-86.91","ipfs://bafybeiea6vogsdhb65mkqke74ummexd6voempkcbs754635krw26zan5wy","2025-04-05 14:07:14.118","2042","2025-04-05 18:09:32.041"
"91b21a20-86e4-472f-8b09-89c6140117b7","send flowers ","send flowers ",,"2025-04-04 14:29:49","0x2e6dc184d5dc7dc700310d9b42058723a14b37c9","7","image/jpeg","1000000000","569.05","569.05","2687.25","0x2e20492aafa07ddceac8acb9a388fbfee4c71ab2","https://media.decentralized-content.com/-/rs:fit:600:600/f:best/aHR0cHM6Ly9tYWdpYy5kZWNlbnRyYWxpemVkLWNvbnRlbnQuY29tL2lwZnMvYmFmeWJlaWdxcTJ5aHEzbWF3Z3ZhNHJwancyeWN5N3Jud25oN2R5dGxpY215MzVrY216YmNqeG0yeTQ=","2687.2346010785054","ipfs://bafybeigqq2yhq3mawgva4rpjw2ycy7rnwnh7dytlicmy35kcmzbcjxm2y4","2025-04-05 14:03:52.594","8","2025-04-05 14:03:52.594"
"93847afd-6c46-4dd2-859f-cc2aa251d265","burn","burn","imagination feeds the fire...
more details soon.","2025-02-24 15:12:07","0xe2dfa86182ac4c452bb2f871061c32c1dec62cc8","309","image/jpeg","1000000000","27308.03","129.23","6723.12","0xf98bc8915baccf06baf1a68567350910fe40abf9","https://media.decentralized-content.com/-/rs:fit:600:600/f:best/aHR0cHM6Ly9tYWdpYy5kZWNlbnRyYWxpemVkLWNvbnRlbnQuY29tL2lwZnMvYmFmeWJlaWFpZDNjb3BvNTNmM2hoNmtqMzRzaXVkemM0dWU1cXZnNHA1eHNxd3FhZnh2ZHZ5anU3anE=","-328.8","ipfs://bafybeiaid3copo53f3hh6kj34siudzc4ue5qvg4p5xsqwqafxvdvyju7jq","2025-04-05 18:09:34.756","1363","2025-04-05 18:09:34.756"
"9555725b-529d-499d-87f5-31d0a0613f73","ana","ana",,"2025-02-23 13:16:59","0x9230f282e18dcd24dbb5fd0ea3d6a77113c76823","5","image/jpeg","1000000000","52.41","0.0","6312.30","0xd4887e81cf0ef8405583efa1fd6dd842b2590cf7","https://media.decentralized-content.com/-/rs:fit:600:600/f:best/aHR0cHM6Ly9tYWdpYy5kZWNlbnRyYWxpemVkLWNvbnRlbnQuY29tL2lwZnMvYmFmeWJlaWN0c3NnY2JiM2g3dnVsZXV0aHhob25mYmEybTVsdHViMms2amhoY3NqbHQyMjdvaWpxYXE=","0.0","ipfs://bafybeictssgcbb3h7vuleuthxhonfba2m5ltub2k6jhhcsjlt227oijqaq","2025-04-05 18:10:39.345","18","2025-04-05 18:10:39.345"
"959ea291-e521-42ea-b039-92e84b7944c6","BASE is for everyone ","BASE is for everyone ","Created by ayo.artss","2025-03-28 17:22:41","0x8f9b198107af68f6a2015d4cbb6dde8e13af4df6","112","image/jpeg","1000000000","3444.96","274.08","1711.57","0xc41176138e2c7c8f781a352c6beb2deb23f69cec","https://media.decentralized-content.com/-/rs:fit:600:600/f:best/aHR0cHM6Ly9tYWdpYy5kZWNlbnRyYWxpemVkLWNvbnRlbnQuY29tL2lwZnMvYmFmeWJlaWFrM3gydzR1aXVmYWRiNnUzejJud2Fiemk0bm53bXZhenNsb21yNm5idmM3NnRpZ2EycTQ=","24.17","ipfs://bafybeiak3x2w4uiufadb6u3z2nwabzi4nnwmvazslomr6nbvc76tiga2q4","2025-04-05 14:06:22.172","493","2025-04-05 14:06:22.172"
"964b7b20-a207-420b-95cd-ed3f491514c7","nastol com ua-468527","nastol com ua-468527","nice nature","2025-02-23 07:46:57","0xb77e7aa9f38c3acad6b561cc819e48bd1d37f53f","3","image/jpeg","1000000000","2.77","0.0","6309.76","0xaa2f64d045c1b1534f93290ad46c8a704ddfea1c","https://media.decentralized-content.com/-/rs:fit:600:600/f:best/aHR0cHM6Ly9tYWdpYy5kZWNlbnRyYWxpemVkLWNvbnRlbnQuY29tL2lwZnMvYmFmeWJlaWFhNG92ZnA1bmZ6Y3FxZmR3Z3JlaXd4cGJucmNsdmVwdzN0bmZhYTN2NGhodHNlbWVlM3E=","0.0","ipfs://bafybeiaa4ovfp5nfzcqqfdwgreiwxpbnrclvepw3tnfaa3v4hhtsemee3q","2025-04-05 18:11:28.641","54","2025-04-05 18:11:28.641"
"9669896f-1b87-45b6-a59a-b9c59ac5814e","هُنا الحياة : Here’s life ","هُنا الحياة : Here’s life ",,"2025-02-23 00:00:19","0x99082038c30a579690b19cd681d3ad8276ae23e0","25","image/jpeg","1000000000","17.91","0.0","6309.59","0x387199a7cf4f0bd088971aedd3d4e9329c5fcbc4","https://media.decentralized-content.com/-/rs:fit:600:600/f:best/aHR0cHM6Ly9tYWdpYy5kZWNlbnRyYWxpemVkLWNvbnRlbnQuY29tL2lwZnMvYmFmeWJlaWMzY3YyNmRoZGl1ZjJ1cDNlMmVqcWNicmEzaHJobXYzcmt3ZWNiczIzbnJ4Ymw3bWZ0dXU=","0.0","ipfs://bafybeic3cv26dhdiuf2up3e2ejqcbra3hrhmv3rkwecbs23nrxbl7mftuu","2025-04-05 18:11:34.187","93","2025-04-05 18:11:34.187"
"97903efc-60fa-4ccf-8b29-07af81ecf1d3","GOD MODE","GOD MODE","Invincibility Code","2025-04-04 14:23:09","0xbbc216f412ae6e3c77fc11b07906f6e3e5cc40ea","144","image/jpeg","1000000000","2520.92","2520.92","1722.81","0xd5d1bcc233e1224ebf34f7d1170fddd91f59ae8f","https://media.decentralized-content.com/-/rs:fit:600:600/f:best/aHR0cHM6Ly9tYWdpYy5kZWNlbnRyYWxpemVkLWNvbnRlbnQuY29tL2lwZnMvYmFmeWJlaWVua2lvdWRsdWR6Z3Y3bW5nYXRmN3NkZHdkdWh6ZnozZ2Vqejdldmh2b3YzaWxyNmZ5dWE=","1724.3431718751244","ipfs://bafybeienkioudludzgv7mngatf7sddwduhzfz3gejz7evhvov3ilr6fyua","2025-04-05 14:01:38.257","504","2025-04-05 14:01:38.257"
"9846f1ad-dd8f-42f3-a3a5-43a62f4a95b6","Ravenclaw","Ravenclaw","Choose your house...","2025-03-05 03:45:27","0xd36d589d2f626927f1a630277582d58890290c87","50","image/jpeg","1000000000","8624.09","217.43","6273.43","0xfc9c0963528b5715b7a611071226cea925dae018","https://media.decentralized-content.com/-/rs:fit:600:600/f:best/aHR0cHM6Ly9tYWdpYy5kZWNlbnRyYWxpemVkLWNvbnRlbnQuY29tL2lwZnMvYmFmeWJlaWZjdDJiaGtqanEzYWh6bDNsZnloZ2dham9ibWpjeGFramlpY2pjY2VvaTV0a3EzczJ1c2E=","387.62","ipfs://bafybeifct2bhkjjq3ahzl3lfyhggajobmjcxakjiicjcceoi5tkq3s2usa","2025-04-05 14:07:02.032","1823","2025-04-05 14:07:02.032"
"98c68065-c91b-4e58-adda-163b670bdb4e","no ego","no ego",,"2025-04-05 08:42:49","0x4c73aff828ed1a147737b2f0bbcff67e08c324be","17","image/jpeg","1000000000","725.89","725.89","2872.93","0x2cd0db08a55694c8d32111a89dd0a0c03f50c6d1","https://media.decentralized-content.com/-/rs:fit:600:600/f:best/aHR0cHM6Ly9tYWdpYy5kZWNlbnRyYWxpemVkLWNvbnRlbnQuY29tL2lwZnMvYmFmeWJlaWRuczNneTN1MnlhcmYzaDZuNnIyNWgyd2J4cWxtbXltM3Brem9keG1nb2ZiemIzZHhtM20=","2872.8819591521424","ipfs://bafybeidns3gy3u2yarf3h6n6r25h2wbxqlmmym3pkzodxmgofbzb3dxm3m","2025-04-05 14:02:53.893","31","2025-04-05 14:02:53.893"
"9a31f33c-ff2f-4337-80b2-ccf455278302","buddies x sharks","buddies x sharks",,"2025-04-04 20:23:09","0x88cd14b401565f12c3f944f16c8d35d49d3deb1c","5","image/jpeg","1000000000","576.1","576.1","2685.56","0x6d018b360fd93504ac1076add82d8663f22602da","https://media.decentralized-content.com/-/rs:fit:600:600/f:best/aHR0cHM6Ly9tYWdpYy5kZWNlbnRyYWxpemVkLWNvbnRlbnQuY29tL2lwZnMvYmFmeWJlaWdwdmNqNGcyNmliZ3Nram1keGp3dTR2ZWZyeXpmdzY3NDZjN3Aya25zbHQ3cDJmNWlrbnE=","2685.509849515748","ipfs://bafybeigpvcj4g26ibgskjmdxjwu4vefryzfw6746c7p2knslt7p2f5iknq","2025-04-05 14:03:35.668","7","2025-04-05 14:03:35.668"
"9ae044d2-7ff1-41f9-ad3e-1f7a5d818417","SAVE AS","SAVE AS","💾","2025-04-03 18:42:19","0xeb1b05a4cf174663b030558a0701efcf0185c3ad","3","image/jpeg","1000000000","916.35","352.76","1650.63","0x6150ab69229d3332d176b2df9f9153afc7e0d793","https://media.decentralized-content.com/-/rs:fit:600:600/f:best/aHR0cHM6Ly9tYWdpYy5kZWNlbnRyYWxpemVkLWNvbnRlbnQuY29tL2lwZnMvYmFmeWJlaWZobTJld3hmYnljZGRwcWc0YzI2dWRramsyd2VveGRoM3hwMnZnNDdnNGhoMjRkdmt1dW0=","31.55","ipfs://bafybeifhm2ewxfbycddpqg4c26udkjk2weoxdh3xp2vg47g4hh24dvkuum","2025-04-05 14:05:51.464","6","2025-04-05 14:05:51.464"
"9bb88131-6158-4ed3-b0e1-ed8acc6a0b26","Quantum Sentinel","Quantum Sentinel","A guardian of the digital future, powered by Quantum AI and cybernetic precision.","2025-02-21 19:29:13","0xa7249d661a19e8d2b7356ad8126b5c26ba9dd312","4","image/webp","1000000000","0.02","0.0","6308.04","0x6864917549d1fa7d753feeeb6f4e867bd91477c7","https://media.decentralized-content.com/-/rs:fit:600:600/f:best/aHR0cHM6Ly9tYWdpYy5kZWNlbnRyYWxpemVkLWNvbnRlbnQuY29tL2lwZnMvYmFmeWJlaWNkZGRpajQ3aGNlYnBpNjVneXBhcWFsZXpic3g0d3h4eXB5ZmF3NnV0bHp3ZTJhMzM1dTQ=","0.0","ipfs://bafybeicdddij47hcebpi65gypaqalezbsx4wxxypyfaw6utlzwe2a335u4","2025-04-05 18:12:20.319","17","2025-04-05 18:12:20.319"
"9e137322-942d-40e8-a4dd-1e2349ab5930","test","test","test","2025-02-10 22:25:09","0xf562e77f79ba773df99aa1ef2ab0a40e87a61f5c","472","image/jpeg","1000000000","212112.58","2.92","13631.66","0x56e302d3fe43e96dc0d899fb364804f61339782b","https://media.decentralized-content.com/-/rs:fit:600:600/f:best/aHR0cHM6Ly9tYWdpYy5kZWNlbnRyYWxpemVkLWNvbnRlbnQuY29tL2lwZnMvYmFmeWJlaWRxcWF1Y3JxNXJocnlqcXFsNXd1aXk1dGdqcmYzY2Rzd3RpcWtocmpzY2NnNGd6bnF0bmk=","-152.91","ipfs://bafybeidqqaucrq5rhryjqql5wuiy5tgjrf3cdswtiqkhrjsccg4gznqtni","2025-04-05 18:08:44.439","3991","2025-04-05 18:08:44.439"
"9e5c8e6e-bede-458e-bc83-38929b4c3e82","yh","yh",,"2025-04-04 10:42:19","0xe4b84a2cab177a1015b60df1b05732f41bfc11b4","10","image/jpeg","1000000000","921.6","355.33","1659.98","0x6d5a80189c51b513a98a225b83dc5b17db7de913","https://media.decentralized-content.com/-/rs:fit:600:600/f:best/aHR0cHM6Ly9tYWdpYy5kZWNlbnRyYWxpemVkLWNvbnRlbnQuY29tL2lwZnMvYmFmeWJlaWh0a2J1amZuYmU2ZDRjYXl2dXlzMm02bmhrZms0NHZ2dndhb2tiaGNoaHI1NHBxaDUyYmU=","38.61","ipfs://bafybeihtkbujfnbe6d4cayvuys2m6nhkfk44vvvwaokbhchhr54pqh52be","2025-04-05 14:05:39.965","29","2025-04-05 14:05:39.965"
"9fe29cdb-f9bf-49b0-b309-06c2bfd776ce","Block by Block on Base","Block by Block on Base",,"2025-04-05 12:11:11","0x273d10023e398daa10dc80a9c874235bad5b4970","6","image/jpeg","1000000000","566.85","566.85","2639.51","0x84dec2263ce887d50bdc4b927000d536cf038fb5","https://media.decentralized-content.com/-/rs:fit:600:600/f:best/aHR0cHM6Ly9tYWdpYy5kZWNlbnRyYWxpemVkLWNvbnRlbnQuY29tL2lwZnMvYmFmeWJlaWdlbWh0aGdmcnU0bWhjeWtqbzUzbnd1d2xqeGczYWEyNHR0dHRnaWVnZ3NvbG10aDJlYWU=","2640.1050011970906","ipfs://bafybeigemhthgfru4mhcykjo53nwuwljxg3aa24ttttgieggsolmth2eae","2025-04-05 14:03:57.347","14","2025-04-05 14:03:57.347"
"a029aa07-9c90-4b94-87aa-ed757ed3dfe4","IMG_7204","IMG_7204","Great Lunch BOX only $5.00!!!!","2025-02-23 23:21:11","0xbf4f18ea092ad71bc87642d8a6dd5f9144f72b2d","2","image/png","1000000000","0.28","0.0","6310.58","0xd6fcd7b78b7be44895dfd80c795c1922bbe7f6dc","https://media.decentralized-content.com/-/rs:fit:600:600/f:best/aHR0cHM6Ly9tYWdpYy5kZWNlbnRyYWxpemVkLWNvbnRlbnQuY29tL2lwZnMvYmFmeWJlaWJjaW1ka3c3Ymlzc2xycXltd3NyZW51N3dvNHFpNmxhZHhmM3FjZzNycWNtZWlqa29oZ3E=","0.0","ipfs://bafybeibcimdkw7bisslrqymwsrenu7wo4qi6ladxf3qcg3rqcmeijkohgq","2025-04-05 18:11:08.23","4","2025-04-05 18:11:08.23"
"a16417a1-5656-4d1f-8a03-d720d443d83b","OnchainCore ✓⃝✧.???↑","OnchainCore ✓⃝✧.???↑",,"2025-04-04 08:30:29","0x4c73aff828ed1a147737b2f0bbcff67e08c324be","18","image/jpeg","1000000000","1132.21","411.01","1652.94","0x483d39fe1d8d3beb00573cbfe9cc15e6512553c0","https://media.decentralized-content.com/-/rs:fit:600:600/f:best/aHR0cHM6Ly9tYWdpYy5kZWNlbnRyYWxpemVkLWNvbnRlbnQuY29tL2lwZnMvYmFmeWJlaWRtbXlvdmFpNWx2czZneWtyZHo0Y3M3ZW5wdnZiaGg2b2d3NnQ3cWd1NTdzYWQydXZ3aWk=","-1204.14","ipfs://bafybeidmmyovai5lvs6gykrdz4cs7enpvvbhh6ogw6t7qgu57sad2uvwii","2025-04-05 14:04:46.756","46","2025-04-05 14:04:46.756"
"a6d314c8-d194-43bd-b3b4-840427760202","far away","far away","where is my mi(?)d","2025-02-23 18:26:05","0xb567560e3702770f99718bfc1a8ab8a56d958462","3","image/jpeg","1000000000","0.35","0.0","6308.91","0xa9c4dff70b774972e6829b7b1ea5ccc2ef433fad","https://media.decentralized-content.com/-/rs:fit:600:600/f:best/aHR0cHM6Ly9tYWdpYy5kZWNlbnRyYWxpemVkLWNvbnRlbnQuY29tL2lwZnMvYmFmeWJlaWhsbXhjZDR2dm5nYmZmaTRmMm9vd242b2NqeW1uYmpuNHV4Zm1wdjR0cWtweW9udWF6ZXU=","0.0","ipfs://bafybeihlmxcd4vvngbffi4f2oown6ocjymnbjn4uxfmpv4tqkpyonuazeu","2025-04-05 18:11:53.911","5","2025-04-05 18:11:53.911"
"a7e1ef3f-0778-44a0-805e-7551afc3fd09","the arts","the arts","Thu 4/3/25 11:05am ET","2025-04-04 02:09:57","0x9458d5621de22813607d6442908171f9ef2beb26","48","image/jpeg","1000000000","1201.55","420.77","1669.94","0xf48714745166118269f5d51b0073a95d8552e3f7","https://media.decentralized-content.com/-/rs:fit:600:600/f:best/aHR0cHM6Ly9tYWdpYy5kZWNlbnRyYWxpemVkLWNvbnRlbnQuY29tL2lwZnMvYmFmeWJlaWY1ajVpcnhveGU1cWQ3NnlydnRncHF5Z2ZobWR5aGI3eWE2ZWE0am14emxsZXhyczU1aWU=","-1212.2","ipfs://bafybeif5j5irxoxe5qd76yrvtgpqygfhmdyhb7ya6ea4jmxzllexrs55ie","2025-04-05 14:04:30.543","113","2025-04-05 14:04:30.543"
"a83c44cd-8011-45bc-bb13-56a2184ccea1","dreams","dreams",,"2025-04-04 19:04:25","0xf562e77f79ba773df99aa1ef2ab0a40e87a61f5c","98","image/jpeg","1000000000","1202.64","1202.64","1692.51","0x526dfab3c965b56a8fdcc7125f9dfec0f6879f74","https://media.decentralized-content.com/-/rs:fit:600:600/f:best/aHR0cHM6Ly9tYWdpYy5kZWNlbnRyYWxpemVkLWNvbnRlbnQuY29tL2lwZnMvYmFmeWJlaWFpbjcyc2ZuZnRjcmhjMnpueXFwaHl4c3duY2k1aW43ejdkNzdqbWRrNnBqZjZtbXBrZzQ=","1694.1028474472535","ipfs://bafybeiain72sfnftcrhc2znyqphyxswnci5in7z7d77jmdk6pjf6mmpkg4","2025-04-05 14:02:02.375","341","2025-04-05 14:02:02.375"
"ab840018-5759-4c92-a31b-c44218680df1","PT-coin","PT-coin",,"2025-04-04 02:42:43","0x6092d56f117235f0de79fefe72597e78b9fabe19","3","image/jpeg","1000000000","897.56","693.83","1651.32","0xe9bce62cbc0b73dd813ce860dea70c1331d11de1","https://media.decentralized-content.com/-/rs:fit:600:600/f:best/aHR0cHM6Ly9tYWdpYy5kZWNlbnRyYWxpemVkLWNvbnRlbnQuY29tL2lwZnMvYmFmeWJlaWc3cHAzc2pha2F2MmF5cGt1dzJjYTc0YmYyZHZncTdxeWJvaHZhb2FtM3VsaWh0aWJ4azQ=","-2.55","ipfs://bafybeig7pp3sjakav2aypkuw2ca74bf2dvgq7qybohvaoam3ulihtibxk4","2025-04-05 14:03:04.234","31","2025-04-05 14:03:04.234"
"abb7bdc4-074a-47e5-9b35-d5382c448434","Zora will never airdrop","Zora will never airdrop","Monthly reminder by X user @tobific that Zora will never airdrop. ","2025-02-23 18:05:53","0x3d72a265693d43cac33c2b79ad373597723445a0","8","image/jpeg","1000000000","22.95","0.0","6308.18","0x3e46c055b6efbca2cba3cca2961cf6bc4f8ccc08","https://media.decentralized-content.com/-/rs:fit:600:600/f:best/aHR0cHM6Ly9tYWdpYy5kZWNlbnRyYWxpemVkLWNvbnRlbnQuY29tL2lwZnMvYmFmeWJlaWd5YW42Z2h5c3oybGpmZHlodzNrb2N5NjI3aGRtenRhandyNmx2eHJ0ZmhiYXZ5bHVlNTQ=","0.0","ipfs://bafybeigyan6ghysz2ljfdyhw3kocy627hdmztajwr6lvxrtfhbavylue54","2025-04-05 18:12:17.382","10","2025-04-05 18:12:17.382"
"acca461a-6909-416c-a0ed-3c1b2a3504d2","School Girl ","School Girl ","Want to cut class?","2025-02-23 23:05:23","0xd1b5092cce7de92476c76cba0b7f48c125b8c4b8","2","image/jpeg","1000000000","0.06","0.0","6310.14","0xc1e4a36a69b2e2b3b07655496d9ad78e61af6f3c","https://media.decentralized-content.com/-/rs:fit:600:600/f:best/aHR0cHM6Ly9tYWdpYy5kZWNlbnRyYWxpemVkLWNvbnRlbnQuY29tL2lwZnMvYmFmeWJlaWJ2bXJuczdheWppZmR0ZTdxamh3NnBhczQ2b2NidGtheWFxeXN1bXd3a292a2R5Z254NHE=","0.0","ipfs://bafybeibvmrns7ayjifdte7qjhw6pas46ocbtkayaqysumwwkovkdygnx4q","2025-04-05 18:11:11.122","4","2025-04-05 18:11:11.122"
"ad1656e9-233b-44d6-8f1d-347e0238737e","23.02.2025, 21:05","23.02.2025, 21:05",,"2025-02-23 13:06:07","0x9f046abaf014656cc1163ecc2074b0e87e955e1f","8","image/jpeg","1000000000","0.05","0.0","6309.00","0x9461a6a7f0170b563c247f69a79a03e2e6d2cb44","https://media.decentralized-content.com/-/rs:fit:600:600/f:best/aHR0cHM6Ly9tYWdpYy5kZWNlbnRyYWxpemVkLWNvbnRlbnQuY29tL2lwZnMvYmFmeWJlaWJ6anFoYzRyZTc3M2pra3RvMnp5cjRkcHJkZHo0NmtyNWVxbTJoNHVleHphZTR1ZGF1c3U=","0.0","ipfs://bafybeibzjqhc4re773jkkto2zyr4dprddz46kr5eqm2h4uexzae4udausu","2025-04-05 18:11:44.152","15","2025-04-05 18:11:44.152"
"ad862c45-da28-4c96-be65-c812549828c4","goodluck","goodluck","lfg","2025-02-23 13:16:49","0xa1f30f28daf779d55bc5c876b2fceb4c9a1dc067","2","image/jpeg","1000000000","0.03","0.0","6310.95","0x9b976fc94069c618b15b05cdac84eddf996e9803","https://media.decentralized-content.com/-/rs:fit:600:600/f:best/aHR0cHM6Ly9tYWdpYy5kZWNlbnRyYWxpemVkLWNvbnRlbnQuY29tL2lwZnMvYmFmeWJlaWdpcXZna2F1azZobTM2ZDVwdm1iamZjcnZldzZ6N3A2aWp5NzU1bXp2d210NmZjNGJhZ3k=","0.0","ipfs://bafybeigiqvgkauk6hm36d5pvmbjfcrvew6z7p6ijy755mzvwmt6fc4bagy","2025-04-05 18:10:58.022","4","2025-04-05 18:10:58.022"
"ae2f747b-0970-4621-85d8-0b2ced8f5004","love yourself","love yourself",,"2025-02-21 18:59:55","0xb4cd72dbbcb3744832f7fde6508b1ce6cc7b48c1","11","video/mp4","1000000000","1877.03","0.0","6311.84","0x7cd2bf3a6a6a078c52c93d7ceda223bbdd2e62ed","https://media.decentralized-content.com/-/rs:fit:600:600/f:best/aHR0cHM6Ly9tYWdpYy5kZWNlbnRyYWxpemVkLWNvbnRlbnQuY29tL2lwZnMvYmFmeWJlaWh4dzZicWdtZWFrZDI3a2Fla3RtdXpxanpwa2plbnZ4amRtNnNkcTJiNjNlYjJtdm5oa3E=","0.0","ipfs://bafybeicrd6yewadsqyb63gmh725m6ceevqi2hhy7ybpekqvgeycav3e7ie","2025-04-05 18:10:48.985","63","2025-04-05 18:10:48.985"
"b05aecc2-b753-4083-a468-5b7f84525d5f","ch(art)","ch(art)","if you're in charts, pivot to arts","2025-02-24 19:05:01","0xdca6b235045ccddef6e654b539dad2f1374ab1d2","342","image/png","1000000000","296791.26","14.22","6356.01","0x61ed75f97d7c4cf779b606ae2327a05e857aed21","https://media.decentralized-content.com/-/rs:fit:600:600/f:best/aHR0cHM6Ly9tYWdpYy5kZWNlbnRyYWxpemVkLWNvbnRlbnQuY29tL2lwZnMvYmFmeWJlaWJtanF4cWp1aWtpaHlyM2Fhbmd0Z3N0b3d4ems1NnV0emMzeGtiZWppNDRyZGFvdHl2Y2U=","-35.53","ipfs://bafybeibmjqxqjuikihyr3aangtgstowxzk56utzc3xkbeji44rdaotyvce","2025-04-05 18:09:46.086","3755","2025-04-05 18:09:46.086"
"b082d9d7-dc6b-4aa5-8a7f-829e992b33d8","download","download",,"2025-02-23 18:30:05","0x85bc1f18ddf6e3f037cdaedd2674da82dc5e1ce9","3","image/jpeg","1000000000","5.56","0.0","6310.87","0x9227db34c2457797fabd8c07625e9487e1f05b24","https://media.decentralized-content.com/-/rs:fit:600:600/f:best/aHR0cHM6Ly9tYWdpYy5kZWNlbnRyYWxpemVkLWNvbnRlbnQuY29tL2lwZnMvYmFmeWJlaWdqZW5sYXpia3UzbGd3bXI3cWRkb3RsaWRtNGJlNnI0cG40enBxc3R2b3AzMnNxeHUzM2U=","0.0","ipfs://bafybeigjenlazbku3lgwmr7qddotlidm4be6r4pn4zpqstvop32sqxu33e","2025-04-05 18:11:04.405","10","2025-04-05 18:11:04.405"
"b4d0c10f-618d-4b80-96f2-840cb8e1b54d","hey_doge_inu","hey_doge_inu",,"2025-02-23 18:25:11","0x8486f299a06bbe7ef52014fe1bfcc9b6b67afab7","3","image/jpeg","1000000000","1.51","0.0","6310.09","0xd80c30d67c6c0d6214c16a31b1f0f189249085e7","https://media.decentralized-content.com/-/rs:fit:600:600/f:best/aHR0cHM6Ly9tYWdpYy5kZWNlbnRyYWxpemVkLWNvbnRlbnQuY29tL2lwZnMvYmFmeWJlaWdxaXdwa3diZHVoN214NGljcG81N2JqdGx5dmdnYXVneDY1enozb3NlY2JtYWFlZWhpd3U=","0.0","ipfs://bafybeigqiwpkwbduh7mx4icpo57bjtlyvggaugx65zz3osecbmaaeehiwu","2025-04-05 18:11:13.814","10","2025-04-05 18:11:13.814"
"b5f15fd3-0908-42f9-9910-e56423ac4fac","forth","forth",,"2025-04-03 14:30:37","0xd4a317c5e1838eb52cb618d5f0ff937224d0d5ad","176","image/jpeg","1000000000","4394.19","566.38","1657.62","0x62afb7202a2f0af494869c103473230c5806c828","https://media.decentralized-content.com/-/rs:fit:600:600/f:best/aHR0cHM6Ly9tYWdpYy5kZWNlbnRyYWxpemVkLWNvbnRlbnQuY29tL2lwZnMvYmFmeWJlaWE0YWk1YXVhdmxlcmVlNGpicnM0N3l1cW01am1wZHVieWk3dW1vMjV6aXhianV1eHMyYnE=","-1247.49","ipfs://bafybeia4ai5auavleree4jbrs47yuqm5jmpdubyi7umo25zixbjuuxs2bq","2025-04-05 14:04:02.872","676","2025-04-05 14:04:02.872"
"b6b48086-b34d-44c5-ac99-6d12a9f7df70","緊張を和らげるもの","緊張を和らげるもの","something to take the edge off

konbini Japanese candy","2025-04-03 17:17:05","0x67518ee121a2d762ebe4cf568447bd91c5a35ace","10","image/jpeg","1000000000","945.29","349.47","1664.68","0xb129a99c3352d4fe1ba57831857f56fedef45f15","https://media.decentralized-content.com/-/rs:fit:600:600/f:best/aHR0cHM6Ly9tYWdpYy5kZWNlbnRyYWxpemVkLWNvbnRlbnQuY29tL2lwZnMvYmFmeWJlaWFjNnppMnN2c2VrNW00ZW5lY3JlazVjc3JkaWE2bnZwdDJlaTdmbW51MnRrcHB3YmFzbWU=","-991.99","ipfs://bafybeiac6zi2svsek5m4enecrek5csrdia6nvpt2ei7fmnu2tkppwbasme","2025-04-05 14:05:59.729","30","2025-04-05 14:05:59.729"
"b8dbfca7-c996-4018-9422-252b0831c6fb","New Yorker","New Yorker","The city lights flickered on one at a time and then in waves as the sun sank to the west ","2025-04-03 16:25:59","0xc658bd55afba2884f8123eead36d06844ea1ce05","31","image/jpeg","1000000000","936.9","358.41","1688.05","0x946643b5959ca74096febcbb5a28fed3bad49692","https://media.decentralized-content.com/-/rs:fit:600:600/f:best/aHR0cHM6Ly9tYWdpYy5kZWNlbnRyYWxpemVkLWNvbnRlbnQuY29tL2lwZnMvYmFmeWJlaWhtc2Vkd2J0ejNsZ2luZHVwa3VjdnRsb2Z0aHE2a2RzemlpdDJ5cWV6NHhydGVjeXBhYnk=","-1004.17","ipfs://bafybeihmsedwbtz3lgindupkucvtlofthq6kdsziit2yqez4xrtecypaby","2025-04-05 14:05:33.327","68","2025-04-05 14:05:33.327"
"bbda3678-201d-4ded-b30a-b7172be2a5e7","22/02/25, 8:34 pm","22/02/25, 8:34 pm","House Of Dream By Emarge","2025-02-22 15:04:55","0x649e8a1bb13c6c9433dc4461c5a0fb8500254211","3","image/jpeg","1000000000","0.01","0.0","6309.41","0xb9117ca7454bd581703506ab7bc661018accdbbb","https://media.decentralized-content.com/-/rs:fit:600:600/f:best/aHR0cHM6Ly9tYWdpYy5kZWNlbnRyYWxpemVkLWNvbnRlbnQuY29tL2lwZnMvYmFmeWJlaWRmY2RlZnJ2c3djbHZmdmx5bmFhbWVweGVoMjIzaTczd2hmdGZua2s2djQ1dmZ0eXU2M2k=","0.0","ipfs://bafybeidfcdefrvswclvfvlynaamepxeh223i73whftfnkk6v45vftyu63i","2025-04-05 18:11:37.255","5","2025-04-05 18:11:37.255"
"bd1a763d-b050-420c-a435-af0de2e020a3","|\","|\",,"2025-02-24 15:07:49","0xc0fe220efa8e77370b33db3f782c3c4d2cef83d2","447","image/jpeg","1000000000","1244184.35","0.0","8311.60","0x2b847b959f4bce204aebdf67fb24c1f9eb902545","https://media.decentralized-content.com/-/rs:fit:600:600/f:best/aHR0cHM6Ly9tYWdpYy5kZWNlbnRyYWxpemVkLWNvbnRlbnQuY29tL2lwZnMvYmFmeWJlaWRkMm5jaWtldW92ZjVndXB2NmI0ZHlnb3cya3BoNXQ3Mmx5dndjM2lvbmw1a294M21wcGk=","-44.52","ipfs://bafybeidd2ncikeuovf5gupv6b4dygow2kph5t72lyvwc3ionl5kox3mppi","2025-04-05 18:09:07.026","6166","2025-04-05 18:09:07.026"
"bd612e8a-2d65-45f1-9774-03bcd9541852","HUMAN","HUMAN",,"2025-02-24 13:28:07","0x0ca07556ab3be782e50f49cec972f52232dfecbc","96","image/png","1000000000","3893.57","0.23","7671.12","0x8dcca83d6b1812383850e6a9f94a4d3d2f21299e","https://media.decentralized-content.com/-/rs:fit:600:600/f:best/aHR0cHM6Ly9tYWdpYy5kZWNlbnRyYWxpemVkLWNvbnRlbnQuY29tL2lwZnMvYmFmeWJlaWVheHI1d2hkNGxyY2wyY2plZXNncjR2NXljMzZueDZoN3UyNmRiczJzY2ZrM20yeWZobW0=","94.89","ipfs://bafybeieaxr5whd4lrcl2cjeesgr4v5yc36nx6h7u26dbs2scfk3m2yfhmm","2025-04-05 18:09:12.65","418","2025-04-05 18:09:12.65"
"bdf7b6d0-3508-49f8-a571-0d5d1a2f6cc3","Girl ","Girl ",,"2025-02-23 17:05:45","0x8ef8b1dfa848f9d8b296215688f979892364f98c","4","image/jpeg","1000000000","4.1","0.0","6307.89","0xac8dfcaa0bcc4c2419a1c8ba268cb1c32e8ce7b6","https://media.decentralized-content.com/-/rs:fit:600:600/f:best/aHR0cHM6Ly9tYWdpYy5kZWNlbnRyYWxpemVkLWNvbnRlbnQuY29tL2lwZnMvYmFmeWJlaWZ1bDc3NW15bWdidzJzZWh2aWlsdnFla2Nvemc1bGNuaDVuNnFnajJ1ajRuZXpzaGhwdGE=","0.0","ipfs://bafybeiful775mymgbw2sehviilvqekcozg5lcnh5n6qgj2uj4nezshhpta","2025-04-05 18:12:23.008","10","2025-04-05 18:12:23.008"
"be23b197-3996-4877-8c97-3fed310e31ea","mint it → ZOZ IT","mint it → ZOZ IT",,"2025-02-23 18:28:39","0xf65a49c2b6ef78969b17e8bed35b4dccabf957b9","3","image/png","1000000000","0.3","0.0","6308.49","0x7e93b6ce21a70a8f6d5095f92c6aacfffa895612","https://media.decentralized-content.com/-/rs:fit:600:600/f:best/aHR0cHM6Ly9tYWdpYy5kZWNlbnRyYWxpemVkLWNvbnRlbnQuY29tL2lwZnMvYmFmeWJlaWR4aXJ1eml1c3N6ZHF4cTc3eWw1ZTVybGlmd2IyaHRjcXRleHdldWdyZGV5aTZtczZ0MmU=","0.0","ipfs://bafybeidxiruziusszdqxq77yl5e5rlifwb2htcqtexweugrdeyi6ms6t2e","2025-04-05 18:12:08.677","5","2025-04-05 18:12:08.677"
"c1141045-2933-4b2c-9389-567a9bc9eb19","$VB","$VB","$PUBLIC: 0X3A1609CEBE67C1D303954B5FB907BEF36213034B","2025-04-04 22:36:41","0x96e41e01ed02617491fb995935a948aba9ea9230","11","image/png","1000000000","3.88","3.88","1781361441979.41","0x8c4140f4ad06d90efab06c2fbe2e348e697a089d","https://media.decentralized-content.com/-/rs:fit:600:600/f:best/aHR0cHM6Ly9kbWlpdW8zNW1vZWFreXVmLnB1YmxpYy5ibG9iLnZlcmNlbC1zdG9yYWdlLmNvbS96b3JhLWltYWdlLTE3NDM4MDk2ODM0OTUtVklJcnJHZjlsaTdBUWRGSXBmczM1bFo4NWQ1T0EyLnBuZw==","1781337361741.803","https://dmiiuo35moeakyuf.public.blob.vercel-storage.com/zora-image-1743809683495-VIIrrGf9li7AQdFIpfs35lZ85d5OA2.png","2025-04-05 18:08:02.462","44","2025-04-05 18:08:02.462"
"c16bd7ed-d15f-49fb-b8f4-9672aa53f1a1","ZORBY","ZORBY","zorby is an autonomous memetic mascot — powered by merv.wtf
join us : https://x.com/ZorbyAI / https://zorby.wtf/","2025-03-04 18:57:43","0x39427b987a9b2613c424b63c28e80a9874f97011","12458","video/mp4","1000000000","1416326.65","748.66","27922.43","0xbe29e78b18066b3bf7c70523371e0169350f6f53","https://media.decentralized-content.com/-/rs:fit:600:600/f:best/aHR0cHM6Ly9tYWdpYy5kZWNlbnRyYWxpemVkLWNvbnRlbnQuY29tL2lwZnMvYmFmeWJlaWdjaWNuejdjZnd2bWVqM2tmaWp3YndxbHUyZGFjdXA0YXpneGI3M3Vsa3lkcWVwdHpzejQ=","-5179.13","ipfs://bafybeib4sqt7mcb3pupmhipv37og5q3aozrbgdyl3yh2nhjgo6jmjt4n4i","2025-04-05 14:03:07.954","55562","2025-04-05 18:08:32.345"
"c2688048-c182-4a1c-9140-8d84f1c38ac0","How it feels to pay in Crypto","How it feels to pay in Crypto","BlueEyesWhiteDragon.eth","2025-03-20 19:36:47","0x67518ee121a2d762ebe4cf568447bd91c5a35ace","546","image/jpeg","1000000000","8910.22","265.03","1943.39","0xa90e3869db35f7ede82cba29240287c020b51499","https://media.decentralized-content.com/-/rs:fit:600:600/f:best/aHR0cHM6Ly9tYWdpYy5kZWNlbnRyYWxpemVkLWNvbnRlbnQuY29tL2lwZnMvYmFmeWJlaWVjeXF0Mnl3NmJhZjIyb2pubmVlbnB2amh6cDJsbGc3cXc3cXhubXV5cjNncXFrYmRoa3k=","-598.33","ipfs://bafybeiecyqt2yw6baf22ojnneenpvjhzp2llg7qw7qxnmuyr3gqqkbdhky","2025-04-05 14:06:34.244","2422","2025-04-05 14:06:34.244"
"c31244b9-a535-437f-ac0f-568d5187d34e","learning about coins while smoking weed in the garage","learning about coins while smoking weed in the garage","learning about coins while smoking weed in the garage","2025-02-24 00:35:27","0x5c7b5dd8fe546316cb187c8fe248a5394a6ee84a","2","image/jpeg","1000000000","13.87","0.0","6337.99","0x2fd45d69fb0aaddf32c42eb2ea5ba86986131650","https://media.decentralized-content.com/-/rs:fit:600:600/f:best/aHR0cHM6Ly9tYWdpYy5kZWNlbnRyYWxpemVkLWNvbnRlbnQuY29tL2lwZnMvYmFmeWJlaWUyaXEzdjJwazIzZmlnZDR2cDJmM3lhdGlzY2EzZXdic2ozb2R5amQ2emMzeHBseW92Z3E=","0.0","ipfs://bafybeie2iq3v2pk23figd4vp2f3yatisca3ewbsj3odyjd6zc3xplyovgq","2025-04-05 18:09:48.943","4","2025-04-05 18:09:48.943"
"c38e6b35-288b-4665-a886-0da4434189fb","the path","the path",,"2025-03-14 16:14:35","0x3a5df03dd1a001d7055284c2c2c147cbbc78d142","6250","image/png","1000000000","235571.52","714.17","5272.02","0x3ea5de60b2d731c2eb71739ab294d37340483d81","https://media.decentralized-content.com/-/rs:fit:600:600/f:best/aHR0cHM6Ly9tYWdpYy5kZWNlbnRyYWxpemVkLWNvbnRlbnQuY29tL2lwZnMvYmFmeWJlaWU1bnc3djQ2aG5tcGxjY2tnMjNqanJ0bTJtcXl4M3o1ZGZucDNqZnlkZTVqZTYyZ3VoZnU=","1073.06","ipfs://bafybeie5nw7v46hnmplcckg23jjrtm2mqyx3z5dfnp3jfyde5je62guhfu","2025-04-05 14:03:01.12","17058","2025-04-05 14:03:01.12"
"c60bf79a-ae02-4ae6-83ce-45ce7d73d506","meme coins","meme coins",,"2025-04-04 02:36:49","0x6092d56f117235f0de79fefe72597e78b9fabe19","3","image/jpeg","1000000000","917.91","731.57","1651.40","0xca9000fb511570e1a7b6f9529f2392b6ebfe31b5","https://media.decentralized-content.com/-/rs:fit:600:600/f:best/aHR0cHM6Ly9tYWdpYy5kZWNlbnRyYWxpemVkLWNvbnRlbnQuY29tL2lwZnMvYmFmeWJlaWZibWFlNWJ5NWJyNDJ5cXJ1MjR6NGhjYjdtbnM3a3prZ2dhcGFqamdxZ2Z3ZTdxNHdkNXE=","-2.22","ipfs://bafybeifbmae5by5br42yqru24z4hcb7mns7kzkggapajjgqgfwe7q4wd5q","2025-04-05 14:02:46.894","31","2025-04-05 14:02:46.894"
"c9a0ae17-0569-4886-908f-992f9d7058c2","BilliE_ilish","BilliE_ilish"," I'm stylish  BLACK TOP, BIG T-SHIRT, BILLIE EILISH","2025-02-23 07:48:19","0x30295bad0b16f84761ce8f5e1f42ae5b175aea92","2","image/jpeg","1000000000","2.77","0.0","6312.56","0xc6c4915b83494154e891323c79cebffbad4e8498","https://media.decentralized-content.com/-/rs:fit:600:600/f:best/aHR0cHM6Ly9tYWdpYy5kZWNlbnRyYWxpemVkLWNvbnRlbnQuY29tL2lwZnMvYmFmeWJlaWMzdDV6emVpcDNncXpiemdwZ3A1ZGtubndkc3Z5bzNuc3dsbWdyb3NhYnBzZmFpZGh0dDQ=","0.0","ipfs://bafybeic3t5zzeip3gqzbzgpgp5dknnwdsvyo3nswlmgrosabpsfaidhtt4","2025-04-05 18:10:33.187","4","2025-04-05 18:10:33.187"
"cc7aa57f-6c03-4553-a01d-11b7bf569b42","HIGH PRAYER","HIGH PRAYER","Eternal Life","2025-04-02 19:05:19","0xbbc216f412ae6e3c77fc11b07906f6e3e5cc40ea","360","image/jpeg","1000000000","9115.27","187.23","1964.07","0x4a1c52af3c6e4ffc81c7818b6eae5c1ccd45a2e7","https://media.decentralized-content.com/-/rs:fit:600:600/f:best/aHR0cHM6Ly9tYWdpYy5kZWNlbnRyYWxpemVkLWNvbnRlbnQuY29tL2lwZnMvYmFmeWJlaWc0cTNidnd3cDJ4b3NrYTRobzJldzdrN28zY3h5czV4cW5hZ3FmNjdjaW9razRoaHR6cGE=","6.91","ipfs://bafybeig4q3bvwwp2xoska4ho2ew7k7o3cxys5xqnagqf67ciokk4hhtzpa","2025-04-05 14:07:36.795","1474","2025-04-05 14:07:36.795"
"ccfda973-b177-4f2b-a8ee-0824c8c52556","COINBOOST.WTF","COINBOOST.WTF","Boost your coin today!","2025-03-28 15:51:13","0x565b93a15d38acd79c120b15432d21e21ed274d6","991","image/png","1000000000","219674.88","48.93","6368.69","0x2506df3b796d8423a1287280cebe2bb0e837889b","https://media.decentralized-content.com/-/rs:fit:600:600/f:best/aHR0cHM6Ly9tYWdpYy5kZWNlbnRyYWxpemVkLWNvbnRlbnQuY29tL2lwZnMvYmFmeWJlaWNtZW5tYWtnc3QzdDVtazY2dGZzcGNlbHRpaHBrZXViYWtqZGZpYmlxcHJoa21rNDZsczQ=","-198.37","ipfs://bafybeicmenmakgst3t5mk66tfspceltihpkeubakjdfibiqprhkmk46ls4","2025-04-05 18:09:40.626","9633","2025-04-05 18:09:40.626"
"cdeebb36-8614-4411-8c53-c5c0a4edc629","invert the market","invert the market",,"2025-04-03 20:45:29","0x3987e819d9c58c4676c64f2731e2e12b46ab8477","36","image/png","1000000000","1153.41","427.66","1650.78","0x337855f9f1fbb3dcee750a0893e51ca8e9969049","https://media.decentralized-content.com/-/rs:fit:600:600/f:best/aHR0cHM6Ly9tYWdpYy5kZWNlbnRyYWxpemVkLWNvbnRlbnQuY29tL2lwZnMvYmFmeWJlaWFrYW02aGhjejNsZGtsd3Q0Z3pja2JsZGdibm1nbjQ1NnNkYWIyZ3ozNmFqbmJrYnpyZmU=","-1259.78","ipfs://bafybeiakam6hhcz3ldklwt4gzckbldgbnmgn456sdab2gz36ajnbkbzrfe","2025-04-05 14:04:26.619","74","2025-04-05 14:04:26.619"
"ce8f5982-6eae-47dc-8451-3b1759f3f235","Zoic","Zoic","Enter Mystery Zodiac War on Zora Verse
","2025-02-23 18:28:09","0x1e0e9cef64918dbb3a2db968e18615480e3156b5","2","image/png","1000000000","0.28","0.0","6308.64","0x5750b33c83a054fdfd2eb8aefc7b52c82d1da692","https://media.decentralized-content.com/-/rs:fit:600:600/f:best/aHR0cHM6Ly9tYWdpYy5kZWNlbnRyYWxpemVkLWNvbnRlbnQuY29tL2lwZnMvYmFmeWJlaWd2YWc2b2VscDJvaGYydGdwc2c2Z2Nlc2d2am1zam9kaHF0d29kM3h6NHM2eDJ1aGxramU=","0.0","ipfs://bafybeigvag6oelp2ohf2tgpsg6gcesgvjmsjodhqtwod3xz4s6x2uhlkje","2025-04-05 18:12:02.997","4","2025-04-05 18:12:02.997"
"d0f03c1b-04f9-4449-a57f-e6374cc2f3a5","tamtr","tamtr",,"2025-02-23 08:01:59","0x4b0e675a0c0518db8a1d0245fd25e37861083e94","6","image/jpeg","1000000000","41.92","0.0","6319.18","0x065baa503830a93eb2972ddbcfdb9ddb25a2025f","https://media.decentralized-content.com/-/rs:fit:600:600/f:best/aHR0cHM6Ly9tYWdpYy5kZWNlbnRyYWxpemVkLWNvbnRlbnQuY29tL2lwZnMvYmFmeWJlaWdreHk1cGhubXEyY3R5NGR1cXVpbnphdDJ4YnB6d3B1bml6cGJlc2N0c2R2cDZpb2ZpeDQ=","0.0","ipfs://bafybeigkxy5phnmq2cty4duquinzat2xbpzwpunizpbesctsdvp6iofix4","2025-04-05 18:10:03.304","31","2025-04-05 18:10:03.304"
"d31922da-0866-47d3-a3c2-0f6fb2ba50fc","PARFUMTRMP","PARFUMTRMP",,"2025-04-03 19:32:49","0xd16d4b08903ef9cd4f53dc5a59390009d70f1b99","10","image/webp","1000000000","156.97","156.97","1635.49","0x0a458e7657cbece0c580747faf1d055a667d6944","https://media.decentralized-content.com/-/rs:fit:600:600/f:best/aHR0cHM6Ly9tYWdpYy5kZWNlbnRyYWxpemVkLWNvbnRlbnQuY29tL2lwZnMvYmFmeWJlaWdyZXNpeG1idHN2bG1qeW81Y243dGxqM2oyZmQ0Z2diNzJ6Z2hpamdpZ3JiMnlyYTdvdmU=","21.53","ipfs://bafybeigresixmbtsvlmjyo5cn7tlj3j2fd4ggb72zghijgigrb2yra7ove","2025-04-05 14:08:04.411","457","2025-04-05 14:08:04.411"
"d3ca8c82-fd7d-4c39-af17-6b30e36dcf7a","Pump","Pump","A 250x250 canvas. $pump trades from 0 to 62500 will affect the canvas appearance. Buys darken the pixel at the corresponding coordinate of the amount, while sales lighten it.","2025-02-22 15:09:33","0x0fb09d8a09fb69bc9dfd192c73400b9ab736ddaa","12410","image/png","1000000000","488655.85","5.25","8768.34","0x7471968e5af4b0e052e01d08e5d83bb90fd6d98c","https://media.decentralized-content.com/-/rs:fit:600:600/f:best/aHR0cHM6Ly9tYWdpYy5kZWNlbnRyYWxpemVkLWNvbnRlbnQuY29tL2lwZnMvYmFma3JlaWZpcHJmbGJhbGt5bnZydm9iNGg1dmRyZW5sNHZkeHVlZWx6cWRza2RncWVpaHJnY2xpYnU=","-64.47","ipfs://bafkreifiprflbalkynvrvob4h5vdrenl4vdxueelzqdskdgqeihrgclibu","2025-04-05 18:09:04.405","19039","2025-04-05 18:09:04.405"
"d67a64e3-33ea-4ce3-980b-d77314949b4e","$HUMAN","$HUMAN",,"2025-02-23 07:44:43","0x3941a9af09d260e80e5f999ebf1d29127477d382","2","image/gif","1000000000","0.03","0.0","6312.22","0xe4e2b3524ee22444eee1d357138d044428ab08f0","https://media.decentralized-content.com/-/rs:fit:600:600/f:best/aHR0cHM6Ly9tYWdpYy5kZWNlbnRyYWxpemVkLWNvbnRlbnQuY29tL2lwZnMvYmFmeWJlaWVqdGkyeG5mbmltZmViaGhneWN6NXdyNW53c29pcjZjZG02cjdyaHhsMjc2em5hd2p2NGE=","0.0","ipfs://bafybeiejti2xnfnimfebhhgycz5wr5nwsoir6cdm6r7rhxl276znawjv4a","2025-04-05 18:10:43.448","4","2025-04-05 18:10:43.448"
"d67ad68a-240d-45f2-ad8c-6ad290b4d62a","Isabella","Isabella",,"2025-04-04 20:18:31","0x58eaf7f638834b5220f761b23e9952d126c9de17","5","image/png","1000000000","574.17","574.17","2679.14","0xd3a69867b7f1d3f21bb8d6043b89bc7ca50f320e","https://media.decentralized-content.com/-/rs:fit:600:600/f:best/aHR0cHM6Ly9tYWdpYy5kZWNlbnRyYWxpemVkLWNvbnRlbnQuY29tL2lwZnMvYmFmeWJlaWI1a3NpdDV1bnZqcTR0bHhmZGNyZ3FocWNxeDJreHRhNGZndm1qN2l1Y3pqN3FwYzZmbWE=","2679.143950590416","ipfs://bafybeib5ksit5unvjq4tlxfdcrgqhqcqx2kxta4fgvmj7iuczj7qpc6fma","2025-04-05 14:03:49.507","6","2025-04-05 14:03:49.507"
"da4d15d6-b828-49c2-91ce-be19b1b7cbc1","bowling","bowling","we’re doing a tournament on wednesday in nyc","2025-03-17 15:15:53","0x3a5df03dd1a001d7055284c2c2c147cbbc78d142","3451","image/jpeg","1000000000","32432.17","492.06","4247.72","0x97900ff53a3eb070ac2d7001e355fd9b606fe078","https://media.decentralized-content.com/-/rs:fit:600:600/f:best/aHR0cHM6Ly9tYWdpYy5kZWNlbnRyYWxpemVkLWNvbnRlbnQuY29tL2lwZnMvYmFmeWJlaWhtc3NvZWZoa2Jia2pxbmxpcnZ3NHVpdGF1bDJneXBwaWZ5Nm9qdWY3dHdid2s0eGFyZXU=","51.57","ipfs://bafybeihmssoefhkbbkjqnlirvw4uitaul2gyppify6ojuf7twbwk4xareu","2025-04-05 14:04:14.642","11621","2025-04-05 14:04:14.642"
"dc136376-1385-424f-bfbf-10ca4e78696b","create","create",,"2025-02-21 19:37:47","0x3ef6f7b8728c8991f16069b5096e5007157a36d6","360","image/jpeg","1000000000","113282.07","265.28","5902.48","0x0b78eec1e40ee3dcf2691df060871522b3d2f10a","https://media.decentralized-content.com/-/rs:fit:600:600/f:best/aHR0cHM6Ly9tYWdpYy5kZWNlbnRyYWxpemVkLWNvbnRlbnQuY29tL2lwZnMvYmFmeWJlaWJxNWVuNnF5b3k2eGpqM3l3azJ2M2llMmN4enBweHN0M3d3cW4za2FmcXhpemhpdGZwcDQ=","27.52","ipfs://bafybeibq5en6qyoy6xjj3ywk2v3ie2cxzppxst3wwqn3kafqxizhitfpp4","2025-04-05 14:06:29.982","1994","2025-04-05 14:06:29.982"
"de1806c1-e369-462d-aa4a-0686616d062f","This post is a coin","This post is a coin",,"2025-02-22 10:11:23","0xd91d9de054e294d9bebb7149955457300a9305cc","344","image/jpeg","1000000000","547602.51","0.0","6664.84","0x3931e25fc38a32c65bf75ff35e14fd73d732dbd0","https://media.decentralized-content.com/-/rs:fit:600:600/f:best/aHR0cHM6Ly9tYWdpYy5kZWNlbnRyYWxpemVkLWNvbnRlbnQuY29tL2lwZnMvYmFmeWJlaWhuanlud3Y1dGhwbDQycmI2N3lweXJhdGFtanNsZjNuMmZ6dWJ6YXdwaXlhZ3VuY3g1bGE=","-35.47","ipfs://bafybeihnjynwv5thpl42rb67ypyratamjslf3n2fzubzawpiyaguncx5la","2025-04-05 18:09:37.591","4227","2025-04-05 18:09:37.591"
"e0639247-567e-42ae-9070-5bd4a34b76c0","rise","rise",,"2025-04-05 09:47:29","0xe6b753d1d3aa86eb012f1662de68c982386761d2","4","image/jpeg","1000000000","574.33","574.33","2617.54","0x19022861cafac78dacf4fd591d47ebb8119f5a55","https://media.decentralized-content.com/-/rs:fit:600:600/f:best/aHR0cHM6Ly9tYWdpYy5kZWNlbnRyYWxpemVkLWNvbnRlbnQuY29tL2lwZnMvYmFmeWJlaWRtZm5tM2ZmZG42eWlybnh6YmVuNGx6ZGN2bjJkdXZ5aG5lb2U1bmtkdXRqd3p3eWloMnk=","2684.700596413824","ipfs://bafybeidmfnm3ffdn6yirnxzben4lzdcvn2duvyhneoe5nkdutjwzwyih2y","2025-04-05 14:03:45.804","17","2025-04-05 14:03:45.804"
"e1711009-2997-49b3-921f-003972cecdfa","$VB","$VB","coin more

by velvetblue","2025-04-04 22:42:25","0x96e41e01ed02617491fb995935a948aba9ea9230","8","image/png","1000000000","184.56","184.56","32657537157.44","0x49448ae25694c8af2598a5fdbdf9968fedfd3783","https://media.decentralized-content.com/-/rs:fit:600:600/f:best/aHR0cHM6Ly9tYWdpYy5kZWNlbnRyYWxpemVkLWNvbnRlbnQuY29tL2lwZnMvYmFmeWJlaWdoMmd0aWVvZXJsZHB4dDM0Ync2cWZjYWFjcjJobHJhMjNpamVoM3FrdDNyZGhkanF5dzQ=","32657537157.40223","ipfs://bafybeigh2gtieoerldpxt34bw6qfcaacr2hlra23ijeh3qkt3rdhdjqyw4","2025-04-05 14:07:43.132","41","2025-04-05 18:08:05.785"
"e4c95654-1fe6-4179-905d-a91dc430f793","NYC","NYC",,"2025-02-22 22:20:41","0x412d36165a3a3373217155e8912bc6314474950b","14","image/jpeg","1000000000","2.27","0.0","6308.31","0x61389b55d766a2f0fedf234a2902170f52401e09","https://media.decentralized-content.com/-/rs:fit:600:600/f:best/aHR0cHM6Ly9tYWdpYy5kZWNlbnRyYWxpemVkLWNvbnRlbnQuY29tL2lwZnMvYmFmeWJlaWRkd2I0dWM3dm1uanRtZzQ2djNpcWRyZ2JkN3gyZnFxeGtzaWllNW41b3lmeGtjdnJjZnk=","0.0","ipfs://bafybeiddwb4uc7vmnjtmg46v3iqdrgbd7x2fqqxksiie5n5oyfxkcvrcfy","2025-04-05 18:12:14.31","16","2025-04-05 18:12:14.31"
"e4d1174c-5454-4452-a9fc-35db702b2b8e","$VB","$VB","$PUBLIC: 0X3A1609CEBE67C1D303954B5FB907BEF36213034B","2025-04-04 22:38:39","0x96e41e01ed02617491fb995935a948aba9ea9230","9","image/jpeg","1000000000","43.26","43.26","4864979587780.23","0x66db540d56fd6ead74dbc2669ad27990c486380e","https://media.decentralized-content.com/-/rs:fit:600:600/f:best/aHR0cHM6Ly9kbWlpdW8zNW1vZWFreXVmLnB1YmxpYy5ibG9iLnZlcmNlbC1zdG9yYWdlLmNvbS96b3JhLWltYWdlLTE3NDM4MDk2ODM0OTUtVklJcnJHZjlsaTdBUWRGSXBmczM1bFo4NWQ1T0EyLnBuZw==","4864979587780.229","https://dmiiuo35moeakyuf.public.blob.vercel-storage.com/zora-image-1743809683495-VIIrrGf9li7AQdFIpfs35lZ85d5OA2.png","2025-04-05 18:07:59.686","50","2025-04-05 18:07:59.686"
"e53b5d12-3d1d-4223-87d0-9c358b1b22f5","","","Rise above.","2025-02-21 18:26:31","0xa2f6a6b54c0a64821cc0aed5d3de16b13daa22ff","1304","video/quicktime","1000000000","85839.44","36.17","7547.34","0x9adc8a88efd7f25e0e4e98af763a770f67652f1b","https://media.decentralized-content.com/-/rs:fit:600:600/f:best/aHR0cHM6Ly9tYWdpYy5kZWNlbnRyYWxpemVkLWNvbnRlbnQuY29tL2lwZnMvYmFmeWJlaWZjczJuaGUyNTZseDV1eW1taXo3cmprdWp4dGhiaG5tNmdqdmE3eTQ0c3Zsd3V1N2o3dWE=","-87.25","ipfs://bafybeigstugtshyg4iuobw6mxzujcnzxzzpsrunprmprc7eecsulk3jrou","2025-04-05 18:09:22.876","4501","2025-04-05 18:09:22.876"
"e62b6947-120a-4854-a98c-3d3f0d25138b","parent purpose","parent purpose",,"2025-03-29 16:59:41","0x50798fbced4979af7c956a44be2d4d99cf61caac","5","image/png","1000000000","145.64","145.49","1651.90","0xa9a1e226228a734d23a55ab2332bc5b4d7189e22","https://media.decentralized-content.com/-/rs:fit:600:600/f:best/aHR0cHM6Ly9tYWdpYy5kZWNlbnRyYWxpemVkLWNvbnRlbnQuY29tL2lwZnMvYmFmeWJlaWFtZnAyMzZtZTRmZnRvYWx2bWdwcHI2aHFpNHUzd2U2cmdycWtpaDJwZWl1M2R0aHlyaHk=","-7.93","ipfs://bafybeiamfp236me4fftoalvmgppr6hqi4u3we6rgrqkih2peiu3dthyrhy","2025-04-05 14:08:21.826","40","2025-04-05 14:08:21.826"
"e8c56ab1-f96c-4bb6-a0ce-2b01e5af255c","Happy 50th Birthday, Satoshi!","Happy 50th Birthday, Satoshi!","Thanks for the cake… but we’re still HODLing the icing 🍰💰","2025-04-05 09:06:33","0x8db6c04ab57462ace95438d3ea751e3ba4540e4d","2","image/png","1000000000","861.3","861.3","0","0x5d3bac0e1b468e2d895f3c1b392c200ad3aa5cae","https://media.decentralized-content.com/-/rs:fit:600:600/f:best/aHR0cHM6Ly9tYWdpYy5kZWNlbnRyYWxpemVkLWNvbnRlbnQuY29tL2lwZnMvYmFmeWJlaWRlcDJqbHkzYnhpbjRsZTd2b2xiZzY3ZTJ0bDVib3Q2dm9seTdjNWF1c3FtemoycXhubWU=","3150.682385100035","ipfs://bafybeidep2jly3bxin4le7volbg67e2tl5bot6voly7c5ausqmzj2qxnme","2025-04-05 14:02:39.841","5","2025-04-05 14:02:39.841"
"e99826eb-7b68-4e4a-947c-fe44e0bc19de","beemovie","beemovie","enjoy the first zora movie night with the 2007 classic: Bee Movie","2025-03-24 04:11:21","0xbc59ec39b28c50786bfa519ffb04c80859a13a4f","206","video/mp4","1000000000","8581.62","281.52","3671.58","0x4f0a0b9b148fed666423982cc80ce35a0abcb505","https://media.decentralized-content.com/-/rs:fit:600:600/f:best/aHR0cHM6Ly9tYWdpYy5kZWNlbnRyYWxpemVkLWNvbnRlbnQuY29tL2lwZnMvYmFmeWJlaWUycDZ4b3BybGFpbmdvcmducW02ZmJqM2dkdm9jYWx5bm94MjZjMjdueGF5eGczN2lweWE=","-835.99","ipfs://bafybeienjhimyonqwck5qoyyd6wykoxhsbga2arsyeckovb3cmx2ngosru","2025-04-05 14:06:16.944","735","2025-04-05 14:06:16.944"
"f0063202-4087-4875-a64b-b84047c44548","bitcoin white paper","bitcoin white paper",,"2025-04-04 18:37:31","0x96283ab40ccfc673104546202f0ef5a1c05f3bc2","2","application/pdf","1000000000","366.75","366.75","0","0xb0c80cc92f92f999992180514e33d6079b81adfe","https://media.decentralized-content.com/-/rs:fit:600:600/f:best/aHR0cHM6Ly9tYWdpYy5kZWNlbnRyYWxpemVkLWNvbnRlbnQuY29tL2lwZnMvYmFmeWJlaWR1ZHE3bWppbXJ0a2Y1bzczb2tyenNjbGZjeWIyZHdneGV3NGFhbGJpYWtvaXBsYWZ4NGk=","2109.602643358853","ipfs://bafybeifm3tammxn6vrt6ze7ccnr5k5g4fv366m2rfitcye3jajhfgqs6cu","2025-04-05 14:05:19.114","20","2025-04-05 14:05:19.114"
"f07b6441-64d7-42ed-8331-1b32f7795079","orchided ","orchided ",,"2025-02-23 06:32:15","0xfc5d999a7fbc880cc99db01306695123fcc58249","4","image/jpeg","1000000000","68.96","0.0","6318.64","0xa571549ccba4344e366cbe26b2fc6a11c2e5b92f","https://media.decentralized-content.com/-/rs:fit:600:600/f:best/aHR0cHM6Ly9tYWdpYy5kZWNlbnRyYWxpemVkLWNvbnRlbnQuY29tL2lwZnMvYmFmeWJlaWVreWpkZWVvNzV1NTZtdDcyZ3ZwcXJkc2plbWwzbHN6ZjN6YnQ2Y3g3b2tra21xNG5vNGk=","0.0","ipfs://bafybeiekyjdeeo75u56mt72gvpqrdsjeml3lszf3zbt6cx7okkkmq4no4i","2025-04-05 18:10:06.18","12","2025-04-05 18:10:06.18"
"f1aec3d8-340f-4ea5-956d-e81cbf89851f","Treasure Zorb","Treasure Zorb","The magic of play is for everyone.","2025-02-23 18:37:55","0xd8078c22776ca3302c19d3592823e9b5208781b5","3332","image/png","1000000000","841219.64","95.13","10619.54","0xdaf8f464b1b38d640157cc62d815a72edcb19908","https://media.decentralized-content.com/-/rs:fit:600:600/f:best/aHR0cHM6Ly9tYWdpYy5kZWNlbnRyYWxpemVkLWNvbnRlbnQuY29tL2lwZnMvYmFmeWJlaWg0bmFkNzRvcmhxN3hkMmdybW1kbTNtZzdqZWlmcGdyYXgyY2g3cGthM3NmMmh1Y25pd3E=","-85.69","ipfs://bafybeih4nad74orhq7xd2grmmdm3mg7jeifpgrax2ch7pka3sf2hucniwq","2025-04-05 18:08:59.025","13741","2025-04-05 18:08:59.025"
"f5e8c72b-552e-4f29-b187-1c3fb86267b3","KOTEZORB","KOTEZORB",,"2025-04-05 10:08:29","0x66e9e4a02820c5cae8b25bb732984442710dc92d","4","image/jpeg","1000000000","145.92","145.92","1645.71","0xd130a107b881e6cc4deefa0458d7dc873815c07e","https://media.decentralized-content.com/-/rs:fit:600:600/f:best/aHR0cHM6Ly9tYWdpYy5kZWNlbnRyYWxpemVkLWNvbnRlbnQuY29tL2lwZnMvYmFmeWJlaWdxYm9icGQzMmtkb200NjN0dHltZHVoZGNnenlteWw1cTd0d2ZvZHo3djN4cXV2b2lpeWk=","1664.6067495186878","ipfs://bafybeigqbobpd32kdom463ttymduhdcgzymyl5q7twfodz7v3xquvoiiyi","2025-04-05 14:08:18.417","54","2025-04-05 14:08:18.417"
"fa5d7866-4463-4b2f-bcb4-50e611b11bd4","coins are eating the world","coins are eating the world",,"2025-04-02 15:22:57","0x3987e819d9c58c4676c64f2731e2e12b46ab8477","462","image/jpeg","1000000000","5640.63","897.96","1780.99","0x819f5a343e1fbac07b7e9550f5bd5d2e4b8f58d1","https://media.decentralized-content.com/-/rs:fit:600:600/f:best/aHR0cHM6Ly9tYWdpYy5kZWNlbnRyYWxpemVkLWNvbnRlbnQuY29tL2lwZnMvYmFmeWJlaWF3aTd1cWhnbmh0dnNvdXJyNmF3cGVrNGR6Z3gyeG50a2JwZ2ptdW1qbWM0M2Q0amthcW0=","-97.99","ipfs://bafybeiawi7uqhgnhtvsourr6awpek4dzgx2xntkbpgjmumjmc43d4jkaqm","2025-04-05 14:02:36.771","1854","2025-04-05 14:02:36.771"
"fbfef138-2490-4de1-bca6-3804c91f1591","Sabzeh","Sabzeh","Sizdeh Bedar Cast-off","2025-04-04 23:09:35","0x94b6f485246f584098b9516c5f5a3404bd690a1f","9","image/jpeg","1000000000","574.54","574.54","2679.92","0xbd4d6e6e8df3493730686c726a50acb01ea37427","https://media.decentralized-content.com/-/rs:fit:600:600/f:best/aHR0cHM6Ly9tYWdpYy5kZWNlbnRyYWxpemVkLWNvbnRlbnQuY29tL2lwZnMvYmFmeWJlaWhwYXpsaGV4cG51ZjVhcDI0b2hvbzNkcGl6Z29vczRya3cybWZnbHJ1enp6MjRxdHVkM3k=","2679.7813059994987","ipfs://bafybeihpazlhexpnuf5ap24ohoo3dpizgoos4rkw2mfglruzzz24qtud3y","2025-04-05 14:03:39.048","12","2025-04-05 14:03:39.048"
"fc2c1b28-606e-4dbf-91c9-2e64b20e2032","The ambisius $Zero","The ambisius $Zero","$Zero scary movie","2025-02-23 07:39:19","0x3941a9af09d260e80e5f999ebf1d29127477d382","2","image/gif","1000000000","0.28","0.0","6309.99","0xceda271c98e5394ff7105270e59c801762243475","https://media.decentralized-content.com/-/rs:fit:600:600/f:best/aHR0cHM6Ly9tYWdpYy5kZWNlbnRyYWxpemVkLWNvbnRlbnQuY29tL2lwZnMvYmFmeWJlaWV1N3A2cGtmNW40bHdlZm9tMnBnY2dqbXVidjN5cWc1eW53aWgycGN2N2hhamhoY3F2MnE=","0.0","ipfs://bafybeieu7p6pkf5n4lwefom2pgcgjmubv3yqg5ynwih2pcv7hajhhcqv2q","2025-04-05 18:11:17.004","4","2025-04-05 18:11:17.004"
"fc30d7e6-937a-4e59-9969-b6dd093816d2","Tower","Tower",,"2025-02-23 14:23:41","0xc947c209fb72ea759b1be12a06cbc9c65dbe798f","3","image/jpeg","1000000000","0.01","0.0","6308.41","0x1884d13913af4dc0092140ede709c9038448d451","https://media.decentralized-content.com/-/rs:fit:600:600/f:best/aHR0cHM6Ly9tYWdpYy5kZWNlbnRyYWxpemVkLWNvbnRlbnQuY29tL2lwZnMvYmFmeWJlaWR1andxdDU2YnNkMjVqZGdtcXAyNnJnajJ4Y3drbWtvYmZmNjd6ZmN6eWM0NWhwejIyZmE=","0.0","ipfs://bafybeidujwqt56bsd25jdgmqp26rgj2xcwkmkobff67zfczyc45hpz22fa","2025-04-05 18:12:11.547","10","2025-04-05 18:12:11.547"
"fccb60a5-958d-46d2-aaed-272f33e0aeaa","$VB","$VB","coin more

by velvetblue","2025-04-04 22:43:33","0x96e41e01ed02617491fb995935a948aba9ea9230","18","image/png","1000000000","1548.04","1548.04","10976296.70","0xfda9d26ba50e71ef97ef06c5ee1f510589b33cf5","https://media.decentralized-content.com/-/rs:fit:600:600/f:best/aHR0cHM6Ly9tYWdpYy5kZWNlbnRyYWxpemVkLWNvbnRlbnQuY29tL2lwZnMvYmFmeWJlaWdoMmd0aWVvZXJsZHB4dDM0Ync2cWZjYWFjcjJobHJhMjNpamVoM3FrdDNyZGhkanF5dzQ=","10976297.540431846","ipfs://bafybeigh2gtieoerldpxt34bw6qfcaacr2hlra23ijeh3qkt3rdhdjqyw4","2025-04-05 14:01:51.513","101","2025-04-05 14:01:51.513"
"fe565242-e477-4590-a9fc-8cd662e5acc8","help art","help art","Just here to help!!!","2025-02-21 04:01:43","0xafa137672744bf7270bac79efd9881e2028822a7","554","image/png","1000000000","943628.41","0.42","8972.04","0xa53b0892e65cb9ab47100ce88877d68f7ba1676b","https://media.decentralized-content.com/-/rs:fit:600:600/f:best/aHR0cHM6Ly9tYWdpYy5kZWNlbnRyYWxpemVkLWNvbnRlbnQuY29tL2lwZnMvYmFmeWJlaWJ1N2M0Z2NlczVkcndrc3hmcjUyYXFzYWx6aG5oeXB5N2Fyc3h4b3BreXJvZXU3cDZjem0=","-30.25","ipfs://bafybeibu7c4gces5drwksxfr52aqsalzhnhypy7arsxxopkyroeu7p6czm","2025-04-05 18:09:01.931","5348","2025-04-05 18:09:01.931"